year,MSA,now_married_except_separated,less_than_high_school_diploma,unmarried_portion_of_women_15_to_50_years_who_had_a_birth_in_past_12_months,households_with_food_stamp_snap_benefits,percentage_married_couple_family,percentage_female_householder_no_husband_present_family,poverty_all_people,house_median_value_(dollars),murder_per_100_k
2006,"Atlanta-Sandy Springs-Marietta, GA",49.2,14.2,34.3,5.9,72.6,20,11.9,186800,7.4
2006,"Austin-Round Rock, TX",48.7,13.7,30.9,5.9,75,17,13,164100,1.9
2006,"Baltimore-Towson, MD",47.2,14,31.4,5.5,71.8,21.4,9,300600,13.3
2006,"Birmingham-Hoover, AL",50.9,15.8,34.7,7.1,72.5,21.6,13.1,131400,12.5
2006,"Buffalo-Niagara Falls, NY",47.1,12.9,38,9.6,72.8,20.9,14.2,105000,7.5
2006,"Charlotte-Gastonia-Concord, NC-SC",52.1,14.7,29.4,7.3,72.8,20.2,11.5,157600,8.3
2006,"Cincinnati-Middletown, OH-KY-IN",50.4,13.4,39.8,7.4,74.6,19.4,11.9,152100,5.9
2006,"Cleveland-Elyria-Mentor, OH",46.8,13.5,41.7,9,70.5,22.6,12.5,149600,4.7
2006,"Columbus, OH",50.7,11.6,33.4,9.2,74.9,18.1,13.1,162100,6.6
2006,"Dallas-Fort Worth-Arlington, TX",51.9,18.8,27.8,6.3,74.4,18.2,12.9,141100,5.6
2006,"Denver-Aurora, CO",52.6,12.6,23.7,4.1,76.8,16,11.5,245200,4.4
2006,"Detroit-Warren-Livonia, MI",48.1,13.4,37.8,9.3,71.8,21.3,12.9,173400,11.3
2006,"Hartford-West Hartford-East Hartford, CT",50.9,12.3,26.5,6.2,76.8,17.9,9,246900,3.8
2006,"Houston-Sugar Land-Baytown, TX",50.6,21.2,33.6,7.6,72.7,19.6,14.9,129800,9.6
2006,"Indianapolis-Carmel, IN",51.5,12.8,35.9,7.9,74.1,18.9,11.2,140300,9.4
2006,"Jacksonville, FL",50,11.9,36.2,5.4,73.5,20.2,11.8,192800,10.6
2006,"Kansas City, MO-KS",52.8,10.4,34.3,7.5,75.7,18.2,10.7,153000,8.9
2006,"Las Vegas-Paradise, NV",50.3,17.1,29.1,3.8,71.5,18.3,10.3,320800,10.2
2006,"Los Angeles-Long Beach-Santa Ana, CA",46.1,23.2,31.3,4.1,70,20.8,14.1,604500,8.4
2006,"Louisville-Jefferson County, KY-IN",49.8,15.4,35.2,9.5,72.3,21.1,13.3,139000,4.7
2006,"Memphis, TN-MS-AR",43.2,17,51.2,13.4,62.1,28.9,17.8,125600,13.7
2006,"Miami-Fort Lauderdale-Miami Beach, FL",47.3,17.9,37.7,12.1,70.4,21.9,13.3,312500,7.6
2006,"Milwaukee-Waukesha-West Allis, WI",48.5,12.6,40.8,7.6,72.2,20.6,13,197300,7.4
2006,"Minneapolis-St. Paul-Bloomington, MN-WI",52.4,7.8,24.6,4.7,78.6,15.1,8.9,242100,3.5
2006,"New Orleans-Metairie-Kenner, LA",47,17.4,41.3,30.6,71.8,20.3,14.8,170200,21.7
2006,"New York-Northern New Jersey-Long Island, NY-NJ-PA",47.2,16.4,27.4,8.1,70,22.6,12.8,458700,5.2
2006,"Oklahoma City, OK",50.9,14.6,33.6,9.8,75.7,17.1,15.1,109600,7
2006,"Orlando-Kissimmee, FL",51.5,13.3,38.8,5.3,73.5,19.2,11.1,243100,8.1
2006,"Philadelphia-Camden-Wilmington, PA-NJ-DE-MD",46.6,13.5,38.5,6.6,71.7,21.3,11.8,230300,9.5
2006,"Phoenix-Mesa-Scottsdale, AZ",50.3,16.1,31.8,5.5,74.9,16.8,12.7,266300,8.7
2006,"Pittsburgh, PA",50.4,10.4,27.4,7.9,76.8,17.1,11.7,111100,4.4
2006,"Portland-Vancouver-Beaverton, OR-WA",50.5,10.9,34,8.9,76.9,16.2,11.5,268600,2.3
2006,"Richmond, VA",49.3,15.5,34.1,6.4,73,20.4,9.6,203400,9.9
2006,"Riverside-San Bernardino-Ontario, CA",49.9,22.6,32,4.4,73.3,18,13,395400,6.9
2006,"Rochester, NY",47.6,12.1,33.3,9.2,73.9,19.4,12.6,116000,5.4
2006,"St. Louis, MO-IL",50.2,13.3,38.7,8.6,74,20.1,11.5,152300,6.6
2006,"Salt Lake City, UT",53.6,11,24.7,5.4,77.1,15.4,10.3,203300,2.2
2006,"San Antonio, TX",49.7,19.4,35.6,10.1,71.7,21.5,15.7,105600,7
2006,"San Diego-Carlsbad-San Marcos, CA",49.7,15.1,26,2.2,74.8,17.7,11.7,572000,4.3
2006,"San Francisco-Oakland-Fremont, CA",48.3,13.2,26,2.4,75.5,17,9.7,702600,8.9
2006,"San Jose-Sunnyvale-Santa Clara, CA",53.6,14.1,20.7,2.6,77.8,14.3,9,740500,2.3
2006,"Seattle-Tacoma-Bellevue, WA",50.6,9.1,21.4,6.5,77.3,15.6,9.6,347500,3.6
2006,"Tampa-St. Petersburg-Clearwater, FL",50.5,14,38.7,5.4,75,17.8,12.1,202300,4.9
2006,"Virginia Beach-Norfolk-Newport News, VA-NC",51.2,12.4,35,6.4,72.5,22,9.7,225000,7.3
2006,"Washington-Arlington-Alexandria, DC-VA-MD-WV",49.1,10.4,32.3,3.5,73.7,19.3,7,454100,7.4
2007,"Akron, OH",50.5,9.9,28,8.8,75.7,18,13.4,147000,3.6
2007,"Albany-Schenectady-Troy, NY",47.4,10.4,30.3,6.6,75.4,17.8,10.1,184600,1.5
2007,"Albuquerque, NM",46.8,14.7,45.7,8.2,70.1,20.8,14.6,180400,8.2
2007,"Allentown-Bethlehem-Easton, PA-NJ",52,13.6,37.7,6.2,76.8,17.5,8,215400,4.6
2007,"Atlanta-Sandy Springs-Marietta, GA",49.5,13.5,33.4,5.8,72.9,20.5,11.2,194700,8.7
2007,"Augusta-Richmond County, GA-SC",47.7,17.4,40.8,10.4,67.6,25.5,17.3,116700,7
2007,"Austin-Round Rock, TX",48.2,14.3,30.7,5.6,75.1,17.4,12.7,177500,2.8
2007,"Bakersfield, CA",47.7,29.9,40,9.2,68.8,21.3,18.1,256800,6.3
2007,"Baltimore-Towson, MD",46.6,13.4,33.6,5.4,71.2,21.2,9.3,312500,13.4
2007,"Baton Rouge, LA",45.9,16.1,47,10.5,68.7,23.5,16.1,145400,17.9
2007,"Birmingham-Hoover, AL",51.4,16.3,35.5,7.8,72.6,21.6,13.7,140600,11.7
2007,"Boise City-Nampa, ID",57.8,10.6,24.5,5.6,79.5,13.6,10.3,207800,3.6
2007,"Boston-Cambridge-Quincy, MA-NH",47.9,10.2,22.1,5.5,75.7,18.3,9.2,396400,2.8
2007,"Bridgeport-Stamford-Norwalk, CT",53.7,11.9,19.7,3.5,78.2,16.5,6.6,499000,2.6
2007,"Buffalo-Niagara Falls, NY",45.8,12.1,39.7,10.3,71.3,21.8,13.5,108300,5.3
2007,"Cape Coral-Fort Myers, FL",57,13.7,35.8,2.9,81.2,12.8,10.3,241100,8
2007,"Charlotte-Gastonia-Concord, NC-SC",52,14,28.7,7.6,74,19.2,11.4,167000,7.1
2007,"Chattanooga, TN-GA",51.4,18.2,46.6,11.3,74.2,19.4,13.9,135600,3.6
2007,"Cincinnati-Middletown, OH-KY-IN",49.9,13.4,32.4,7,74.9,18.8,11.1,156400,4.7
2007,"Cleveland-Elyria-Mentor, OH",47.4,12.9,38.4,9.4,71,22.8,12.7,152100,6.1
2007,"Colorado Springs, CO",54.7,8.1,27.3,5.8,78.2,14.4,10,216200,4.9
2007,"Columbus, OH",49.4,11,32.9,8.7,73.6,19.3,13.4,166000,5.4
2007,"Dallas-Fort Worth-Arlington, TX",51.7,18.4,28.5,5.8,74.2,18.4,12.7,145400,5.9
2007,"Dayton, OH",49.6,12.3,42.7,8.5,72.8,20.6,12.8,128400,4.7
2007,"Deltona-Daytona Beach-Ormond Beach, FL",47.7,12.5,46.5,4.8,76.7,16.9,14.5,203500,4
2007,"Denver-Aurora, CO",51.3,11.7,24.4,4.1,76.6,16.1,11.5,243400,3.4
2007,"Des Moines-West Des Moines, IA",55.1,8.7,23.4,6.9,78.9,15.1,8.7,151900,1.3
2007,"Detroit-Warren-Livonia, MI",47.7,13.2,38.8,10.1,71.6,21.8,13.9,170800,10.9
2007,"El Paso, TX",49.2,29.5,45.6,18.2,67.8,25.7,28.7,98500,2.7
2007,"Fresno, CA",48.2,27,42.8,11.5,69.6,21.9,20,296300,8.1
2007,"Grand Rapids-Wyoming, MI",51.5,12.8,36.7,9.6,75.2,17.7,13.1,147300,3.5
2007,"Greensboro-High Point, NC",49.5,17.7,31.2,9.3,72.5,20.3,16.4,138200,10.5
2007,"Greenville-Mauldin-Easley, SC",52.1,19.2,35.1,7.5,75.7,18.3,14.2,136200,6.5
2007,"Harrisburg-Carlisle, PA",52.7,11,33.3,5,79.4,15,8.7,156200,4
2007,"Hartford-West Hartford-East Hartford, CT",49.7,11.9,29.9,6.5,75.2,18.6,8.5,255300,4.6
2007,"Honolulu, HI",51.6,10.2,22.6,5.9,74.4,18.6,7.6,574400,2.1
2007,"Houston-Sugar Land-Baytown, TX",51.4,20.8,32.4,6.2,73,19.3,14.5,135800,8.8
2007,"Indianapolis-Carmel, IN",51.8,12.6,29.6,6.8,74.4,18.9,10.8,141900,7.7
2007,"Jackson, MS",44.8,16.2,45.5,10.5,66.2,26.5,16.7,121100,12.4
2007,"Jacksonville, FL",51.3,12.2,31.2,5.3,73.3,19.5,10.9,201400,10.8
2007,"Knoxville, TN",51.8,14.6,35.6,9.5,76.2,17.6,13.2,143100,5.6
2007,"Las Vegas-Paradise, NV",50.2,17.1,33.7,4,71,18.9,10.4,315300,8.6
2007,"Little Rock-North Little Rock-Conway, AR",52.5,12.9,35.1,7.6,74.1,20.4,14.3,126400,13.2
2007,"Los Angeles-Long Beach-Santa Ana, CA",46.1,23,34.2,3.9,70.1,20.5,13.3,612700,7.3
2007,"McAllen-Edinburg-Mission, TX",56.1,40.4,21.1,28.8,71.7,22.8,34.3,69700,5.1
2007,"Memphis, TN-MS-AR",44.7,16.2,46.7,14.1,64.9,27.4,18.8,132400,11.9
2007,"Miami-Fort Lauderdale-Pompano Beach, FL",46.8,17.7,35.3,7.7,70.1,21.9,12.8,310300,7.8
2007,"Milwaukee-Waukesha-West Allis, WI",48.2,11.7,40.8,7,73.2,20.4,12.7,203700,7.3
2007,"Minneapolis-St. Paul-Bloomington, MN-WI",52.6,7.5,27.4,4.5,77.9,15.6,8.4,244700,2.8
2007,"Modesto, CA",49.1,24.2,46.1,5.5,73.7,17.6,13.5,358500,5.2
2007,"New Orleans-Metairie-Kenner, LA",45,17.6,50.7,8,68.9,23.4,14.8,183800,28.2
2007,"New York-Northern New Jersey-Long Island, NY-NJ-PA",47.2,16,29.5,8,70.4,22.1,12.2,468400,4.5
2007,"Ogden-Clearfield, UT",59.7,8,13.6,5.7,81.8,12.4,7.9,194300,1
2007,"Oklahoma City, OK",51.7,13,29.7,8.8,74,19.2,13.5,121100,6.5
2007,"Omaha-Council Bluffs, NE-IA",53.1,9.8,31.8,7.9,76.2,17.6,10.7,142200,5.7
2007,"Orlando-Kissimmee, FL",49.8,13.4,39,4.6,71.1,21.2,10.5,246800,7.2
2007,"Oxnard-Thousand Oaks-Ventura, CA",52.9,17.8,29.9,3.4,77.4,16.2,8.5,641300,2.1
2007,"Palm Bay-Melbourne-Titusville, FL",52.2,9.9,39.9,3.6,78.2,14.8,8.3,202600,5.9
2007,"Philadelphia-Camden-Wilmington, PA-NJ-DE-MD",47.2,12.9,36.1,6.9,71.7,21.2,11.5,240300,9.5
2007,"Phoenix-Mesa-Scottsdale, AZ",49.6,16.6,35.1,5.7,75.2,17.1,13,260300,8.2
2007,"Pittsburgh, PA",50.8,10.1,32,8.4,76.2,18.1,11.2,116100,4.3
2007,"Portland-South Portland-Biddeford, ME",53.2,8.4,27.8,8.4,80.2,14.6,8.8,241300,1.2
2007,"Portland-Vancouver-Beaverton, OR-WA",50.3,10.5,25.2,8.3,77.2,16.3,11.1,299000,2.2
2007,"Poughkeepsie-Newburgh-Middletown, NY",49.7,11.5,25.7,5.2,77.4,15.7,9.8,331800,3.4
2007,"Raleigh-Cary, NC",53.8,11.2,22.7,5.2,78.4,15.8,9.2,190000,3.6
2007,"Richmond, VA",48.9,14.7,30.3,6.6,72.4,21.6,10.4,222000,8.6
2007,"Riverside-San Bernardino-Ontario, CA",49.5,21.5,33.7,4.1,73.3,18.4,11.8,396700,6.4
2007,"Rochester, NY",47.9,12.3,34.1,9.1,73.9,19.6,13,122100,5.5
2007,"St. Louis, MO-IL",49.7,12.8,36.7,8.8,72.9,20.7,11,159300,7.7
2007,"Salt Lake City, UT",54.3,11.4,19.6,4.3,79.8,14.1,8.4,241900,4.1
2007,"San Antonio, TX",49.7,18.1,36.6,9.7,71.8,21,15.3,119200,7.1
2007,"San Diego-Carlsbad-San Marcos, CA",48.4,14.8,27.4,2.5,74.8,17.5,11.1,556500,3.6
2007,"San Francisco-Oakland-Fremont, CA",47.9,13.1,21.9,2.5,74.9,17.5,9.3,706100,8.8
2007,"San Jose-Sunnyvale-Santa Clara, CA",53.7,15.2,21.5,2.5,78,14.7,8.5,754400,2.9
2007,"Seattle-Tacoma-Bellevue, WA",50.8,8.8,25.7,6.3,76.7,16,9.8,379100,3.1
2007,"Springfield, MA",43.7,13.9,43.4,11,70.6,22,15.2,215700,4.5
2007,"Stockton, CA",49.9,23.4,25.8,5.9,71.9,17.2,14.1,399500,6.6
2007,"Syracuse, NY",48,12.5,43.5,7.5,74.7,18.5,12.7,111900,4
2007,"Tampa-St. Petersburg-Clearwater, FL",49.3,13.5,33.4,5.4,74.2,18.5,11.3,203300,5.3
2007,"Toledo, OH",47.5,12.3,42.5,10.7,72,20.9,14.8,134400,2.1
2007,"Tucson, AZ",46.3,12.9,46.9,8.4,72.2,20,15,210700,7.7
2007,"Tulsa, OK",51.6,13.4,30.3,9.9,74.7,18.4,14.2,119700,7.8
2007,"Virginia Beach-Norfolk-Newport News, VA-NC",49.5,11.7,38.2,5.7,70.5,22.2,10.4,239100,8.1
2007,"Washington-Arlington-Alexandria, DC-VA-MD-WV",49.5,10.4,26.6,3.5,74.4,18.9,6.8,458500,7.7
2007,"Wichita, KS",54.2,11.6,23,7.8,76.8,15.7,12.2,112400,7.2
2007,"Worcester, MA",51.1,11.9,31.8,6.8,76.3,17.1,9.5,287300,2.3
2008,"Akron, OH",49.3,9.9,35.9,9.5,74.3,19.9,12.1,148300,3.4
2008,"Albany-Schenectady-Troy, NY",47.9,9.3,41.3,6.5,75.9,17.6,10.5,197400,2.7
2008,"Albuquerque, NM",47.9,13.5,45.1,7.7,71.6,20,14.5,192500,7.6
2008,"Allentown-Bethlehem-Easton, PA-NJ",52.5,13.2,32.3,6.9,76.6,16.8,9,226200,2.8
2008,"Atlanta-Sandy Springs-Marietta, GA",48.9,12.7,35.8,7,72.3,21.1,11.7,199300,7.4
2008,"Augusta-Richmond County, GA-SC",47.5,18,59.4,11.6,69,25.1,17.7,120700,7.7
2008,"Austin-Round Rock, TX",49,13.5,28.4,6.1,75.7,17.1,12.8,188500,2
2008,"Bakersfield, CA",47.7,29.8,39,10.7,69.8,20.4,21,222400,7.1
2008,"Baltimore-Towson, MD",46.8,12.3,37.2,5.9,71.7,22.2,9.2,310600,11.3
2008,"Baton Rouge, LA",46.7,15.9,59.2,14.3,69.2,23.1,16,153000,13.4
2008,"Birmingham-Hoover, AL",50.2,14.8,40.1,8.2,72.5,21.9,12,146400,10.3
2008,"Boise City-Nampa, ID",55.7,11.4,24,7.1,79.8,13.4,11.4,203900,0.8
2008,"Boston-Cambridge-Quincy, MA-NH",47.8,10.1,28.1,6.3,75.9,18,9.2,385100,2.6
2008,"Bradenton-Sarasota-Venice, FL",53,11.5,41.6,4.7,79.4,15.2,11.1,237300,4
2008,"Bridgeport-Stamford-Norwalk, CT",54,11.9,25.2,5.2,77.9,16.2,8.5,501900,3.9
2008,"Buffalo-Niagara Falls, NY",47.5,11.3,45,11.2,72.6,20.9,13.3,115900,3.9
2008,"Cape Coral-Fort Myers, FL",57.6,12.1,22.2,4.5,80.5,13.3,10.6,211700,7.6
2008,"Charleston-North Charleston-Summerville, SC",47.2,12.5,47.2,8,71.5,22.1,13.9,208000,7.5
2008,"Charlotte-Gastonia-Concord, NC-SC",52.3,13.6,33.1,7.5,73.7,19.2,11.3,179500,8.1
2008,"Chattanooga, TN-GA",53.1,16.3,39.5,10,76.9,18.2,13.1,142900,5.6
2008,"Cincinnati-Middletown, OH-KY-IN",49.6,12.6,36.6,7.6,74.8,18.7,11.3,161200,5
2008,"Colorado Springs, CO",53.9,7.7,28.4,5.3,77.4,16.4,10.6,228000,5
2008,"Columbia, SC",47,11.8,47.2,9.7,70.2,23.5,12.9,140500,5.5
2008,"Columbus, OH",49.6,10.5,36.5,9,74,19.2,12.7,166500,6.9
2008,"Dallas-Fort Worth-Arlington, TX",51.3,18.8,30.3,6.4,74.1,19.1,12.7,148600,5.5
2008,"Dayton, OH",50.2,11.2,37.5,9.7,73.7,19.8,12.8,132000,5.2
2008,"Deltona-Daytona Beach-Ormond Beach, FL",50.6,11.6,32.2,5.3,77.9,16.5,12.5,198700,3
2008,"Des Moines-West Des Moines, IA",55.7,8.1,22,8.5,80.1,13.1,9.2,157600,2.9
2008,"El Paso, TX",50.4,28.3,40.7,18.2,66.6,25.9,25.5,107900,2.6
2008,"Fresno, CA",45.9,26.8,38.8,12.4,67.7,22.9,22.3,261900,7.2
2008,"Grand Rapids-Wyoming, MI",52.2,12.5,32.1,12.8,76.5,17.1,14.4,147000,2.3
2008,"Greensboro-High Point, NC",49.3,17.1,29.3,8.5,72.6,19.9,14.1,138600,6.4
2008,"Harrisburg-Carlisle, PA",50.7,11,27.9,6.2,78.2,16,9.5,168700,3.6
2008,"Hartford-West Hartford-East Hartford, CT",48.8,11.6,33.9,7.3,74,19.6,9.5,266500,4.2
2008,"Honolulu, HI",51.1,9.5,25.5,6.8,74.5,17.7,8.5,574100,2
2008,"Houston-Sugar Land-Baytown, TX",51.5,19.9,32.6,7,72.9,19.2,13.6,142400,7.8
2008,"Indianapolis-Carmel, IN",51.4,11.3,35.8,7.4,75.1,18.8,11.5,147200,7.4
2008,"Jackson, MS",46,14.1,48.2,13.1,66.3,27.7,18.2,132900,14.1
2008,"Jacksonville, FL",50.1,12.4,28.9,6.7,73.3,20.3,10.6,204900,9.7
2008,"Knoxville, TN",52.3,13,28.9,9.6,79.3,15.8,13.4,155600,5.8
2008,"Lakeland-Winter Haven, FL",55.1,17.9,40.1,9.2,76.1,18.6,15.4,155200,7.6
2008,"Lancaster, PA",56.1,18,21.3,5.5,81.5,13.1,9.4,191500,1.4
2008,"Las Vegas-Paradise, NV",48.3,16.8,29.8,5.4,71.6,19.1,10.8,273300,7.3
2008,"Little Rock-North Little Rock-Conway, AR",50.3,11.9,42.9,10.3,71.2,22.1,15.4,134000,9.5
2008,"Los Angeles-Long Beach-Santa Ana, CA",45.5,23.2,34.7,4.6,69.7,20.8,14,553900,6.8
2008,"Madison, WI",50.1,6,24.4,5.1,80.4,13.5,10.9,232600,2.5
2008,"McAllen-Edinburg-Mission, TX",57.1,41.7,28.9,29,71.9,23.6,35.2,72300,7
2008,"Memphis, TN-MS-AR",43.9,15.9,50.4,14.2,63.7,29,17.3,141300,12.6
2008,"Miami-Fort Lauderdale-Pompano Beach, FL",46.1,17.3,36.1,8.8,69.5,22.3,13.8,275500,7.6
2008,"Milwaukee-Waukesha-West Allis, WI",47.8,11.1,39.4,7.5,72.3,21.2,11.8,212200,4.9
2008,"Minneapolis-St. Paul-Bloomington, MN-WI",52.3,7.3,28,5,79,14.8,8.3,247500,2.7
2008,"Modesto, CA",50.2,24.9,35.3,7.9,73.4,17.9,14.2,276100,6
2008,"New Orleans-Metairie-Kenner, LA",42.2,16.4,52.2,12.6,69.4,23.2,14.4,184200,22.4
2008,"New York-Northern New Jersey-Long Island, NY-NJ-PA",46.5,16.2,29.1,9,70,22.8,12.3,462700,4.5
2008,"Ogden-Clearfield, UT",58.2,7.7,11.5,5.2,82.8,12.6,7.8,214100,1.7
2008,"Oklahoma City, OK",50.2,12.9,28.6,9.9,74.4,18.7,14.4,122300,6.3
2008,"Omaha-Council Bluffs, NE-IA",52.5,9,32.6,7.7,76.8,15.4,10.7,145700,6
2008,"Orlando-Kissimmee, FL",49.2,12.5,34.3,5.8,72.9,19.6,11.9,232200,7.9
2008,"Oxnard-Thousand Oaks-Ventura, CA",52.1,18,31.9,4,76.5,16,8.4,566200,3.9
2008,"Palm Bay-Melbourne-Titusville, FL",51.3,9.8,34.3,5.4,78.3,15,10.4,193900,4.1
2008,"Philadelphia-Camden-Wilmington, PA-NJ-DE-MD",47.1,12.4,39.2,7.9,71.8,21,11.5,254400,9.1
2008,"Phoenix-Mesa-Scottsdale, AZ",48.7,16.3,32.4,6.9,74.8,17,13.5,244100,6.6
2008,"Pittsburgh, PA",50.3,9.2,37.7,9.5,75.7,18.4,11.9,119400,5.2
2008,"Portland-South Portland-Biddeford, ME",52.3,8,29.6,10.6,79,14.9,10,245200,2.1
2008,"Portland-Vancouver-Beaverton, OR-WA",51,10,29.3,9,77.8,16,11.3,307400,2
2008,"Poughkeepsie-Newburgh-Middletown, NY",50,12.5,26.7,5.5,78.7,14.2,9,323800,2.7
2008,"Providence-New Bedford-Fall River, RI-MA",46.1,17.7,38.1,9.2,72,20.8,11.7,296000,2.6
2008,"Provo-Orem, UT",54,6.5,13.4,5.6,83.9,11.5,12.3,256500,0.6
2008,"Raleigh-Cary, NC",52.7,10.2,27,5.9,79.1,15.4,9.8,208500,4.7
2008,"Richmond, VA",47.8,14.8,26,6.9,72.3,21.4,10.6,239500,6.2
2008,"Riverside-San Bernardino-Ontario, CA",48.6,22,32.7,5.6,73,19,13.5,330400,5
2008,"Rochester, NY",47.6,11.4,35.6,9.2,74.9,18.9,12.3,125100,4.8
2008,"St. Louis, MO-IL",50.1,11.6,34.5,9.4,73.8,19.5,11.3,164500,8.3
2008,"Salt Lake City, UT",53.6,11.1,20.6,4.8,79,14,8.4,256000,1.9
2008,"San Antonio, TX",48.6,18.3,38,10.6,71.9,20.8,16,126300,7.7
2008,"San Diego-Carlsbad-San Marcos, CA",47.5,15,27.4,3.4,73.5,18.8,12.6,482900,3
2008,"San Francisco-Oakland-Fremont, CA",47,13.1,28.2,2.9,75.4,17.5,9.4,674800,8.1
2008,"San Jose-Sunnyvale-Santa Clara, CA",52,14.7,24,2.4,76.9,14.9,7.4,724000,2.9
2008,"Springfield, MA",44.3,13.3,39.7,12.9,69.6,23,14.1,223400,2.6
2008,"Stockton, CA",47.8,24.3,27.3,8.5,68.7,22.1,16.8,311300,5.1
2008,"Syracuse, NY",46.6,11.5,38.3,9.5,72.4,20.3,12.8,116900,4.8
2008,"Tampa-St. Petersburg-Clearwater, FL",48.1,13.5,35.4,6.6,73.5,18.7,12.6,193700,5.6
2008,"Toledo, OH",46.2,11.6,46.7,11.9,71.1,21.7,15.8,137400,3.1
2008,"Tucson, AZ",45.1,13.1,40.4,8.9,72.7,20.3,15.6,210200,9.5
2008,"Tulsa, OK",53.6,12.1,37.6,9.8,76.3,17.1,13.2,124200,8
2008,"Virginia Beach-Norfolk-Newport News, VA-NC",49.9,11,41.7,6.4,72,22.1,10.4,256400,6.4
2008,"Washington-Arlington-Alexandria, DC-VA-MD-WV",48.9,10.7,28.4,4.3,73.8,19.4,7.1,430600,7.5
2008,"Wichita, KS",52.9,11.1,40.2,9.8,74.5,19.1,12,118300,5.5
2008,"Worcester, MA",50.8,11,35.6,7.4,76,17.7,8.1,282800,1.9
2008,"Youngstown-Warren-Boardman, OH-PA",48.5,13,50.5,12.1,71.5,21.5,15.9,101500,7.2
2009,"Akron, OH",48.1,10.1,42.4,12,73.2,20.7,14.7,142500,4
2009,"Albany-Schenectady-Troy, NY",48.2,9.6,30,7,76.1,18.1,9.9,200900,2.8
2009,"Albuquerque, NM",47.2,13.6,44.1,10.6,69.2,20.8,15.9,182600,7.9
2009,"Allentown-Bethlehem-Easton, PA-NJ",52.1,13.3,44.1,8.1,77.9,16.3,10.2,216800,2.9
2009,"Atlanta-Sandy Springs-Marietta, GA",48,13.1,35.7,8.6,71.7,21.4,13.4,187300,5.9
2009,"Augusta-Richmond County, GA-SC",48.2,15.6,44,12.2,68,26.2,17.7,122200,7.8
2009,"Baltimore-Towson, MD",46.5,11.9,39.2,7.4,71.5,22.1,10.3,299200,11.1
2009,"Baton Rouge, LA",45.7,14.6,38,17.5,68.2,24.8,15.6,154300,14
2009,"Birmingham-Hoover, AL",49.7,14.3,36.7,10.7,70.6,22.9,14.3,142000,9.3
2009,"Boise City-Nampa, ID",55.9,10.3,13.6,8.9,79.9,13,14.3,179800,1.6
2009,"Boston-Cambridge-Quincy, MA-NH",46.8,9.4,27.3,7.8,76.6,17.3,9.3,369200,2.4
2009,"Bridgeport-Stamford-Norwalk, CT",53.1,11.3,25,5.7,78.5,15.9,8.3,460500,2
2009,"Buffalo-Niagara Falls, NY",44.9,11.2,35.1,13.8,70.4,22.9,14,116000,6.7
2009,"Cape Coral-Fort Myers, FL",56.2,12.8,36.5,7.6,81.1,12.8,12.7,163600,6.6
2009,"Charleston-North Charleston-Summerville, SC",45,12.9,49.5,10.1,70.3,22.7,15.6,192400,5.5
2009,"Chattanooga, TN-GA",50.8,17,40,14.9,73.6,20,17.7,138200,4.6
2009,"Cincinnati-Middletown, OH-KY-IN",49,12.4,35.2,10.4,74.4,19.8,12.6,156400,4.1
2009,"Cleveland-Elyria-Mentor, OH",45.6,12.3,43.2,12.9,69.8,23.6,15.3,147400,5.8
2009,"Colorado Springs, CO",54.5,6.5,24,6.7,78.9,16.1,11.2,217000,3.3
2009,"Columbia, SC",47.4,11.7,38.7,10.8,71.1,22.9,13.3,141800,6.3
2009,"Columbus, OH",48.1,10.2,36,11.6,73.5,19.7,15.6,162700,5.7
2009,"Dallas-Fort Worth-Arlington, TX",50.2,18.1,32.8,7.8,73.5,19,14.5,149700,4.8
2009,"Dayton, OH",48.3,11.4,43.7,11.3,71.6,21.4,14.7,125600,5.6
2009,"Deltona-Daytona Beach-Ormond Beach, FL",48.5,13.4,27.7,8.6,75.7,17.3,15.1,170100,3.8
2009,"Denver-Aurora-Broomfield, CO",50.9,11.2,27.9,5.4,77.3,16,12,248500,3.9
2009,"Des Moines-West Des Moines, IA",54.4,8.1,26,10.2,78.8,15.5,10.1,155700,1.2
2009,"Detroit-Warren-Livonia, MI",46.6,13.1,38.5,14.3,71.3,21.5,16.2,139900,10.1
2009,"Durham-Chapel Hill, NC",45.8,13.1,25.8,9,72.2,20.6,16,195900,5.8
2009,"El Paso, TX",48.8,28.3,34.4,20.1,66.3,27,23.7,109400,2.1
2009,"Fresno, CA",46.1,28.1,35.6,15.2,66.9,22.7,21.5,221700,7.5
2009,"Grand Rapids-Wyoming, MI",51.1,11.7,30,13.1,75.2,18.2,14.8,139800,1.7
2009,"Greensboro-High Point, NC",48,16.4,40.4,11.5,70.2,21.7,16.8,141400,4.9
2009,"Harrisburg-Carlisle, PA",50.9,11.2,39.4,6.5,77.6,16.7,9.8,167500,4.9
2009,"Hartford-West Hartford-East Hartford, CT",48.3,11.1,40,8.7,73.8,19.7,9.2,259700,4.6
2009,"Honolulu, HI",53.2,9.5,27.9,7.2,74.6,17.1,9.9,552100,1.5
2009,"Houston-Sugar Land-Baytown, TX",51,20,30.6,9.7,72.1,19.9,15.3,139800,7.9
2009,"Indianapolis-Carmel, IN",49.4,12.4,36.8,9.8,72.9,20.6,13.7,146300,6.4
2009,"Jackson, MS",42.7,15.4,55.1,11.9,63.8,27,18.2,131200,8.1
2009,"Jacksonville, FL",49.2,11.8,40.1,9.4,71.9,21.6,13.5,185000,9.1
2009,"Kansas City, MO-KS",50.8,10,34.8,8.5,74.9,18.4,11.4,158500,7.9
2009,"Knoxville, TN",52,12.6,46.1,11.2,77.9,16.9,14.7,153100,4.4
2009,"Lakeland-Winter Haven, FL",52.4,18.2,44.1,10.5,74,19.8,17,135300,4.3
2009,"Lancaster, PA",57,16.8,32.3,6.1,82.4,11.9,9.4,193200,2.4
2009,"Las Vegas-Paradise, NV",48.3,17,34.3,7.2,69.8,19.9,12.2,202100,7
2009,"Little Rock-North Little Rock-Conway, AR",50.5,11.8,32.3,11.3,72.4,20.9,14.7,129600,7.4
2009,"Los Angeles-Long Beach-Santa Ana, CA",45.3,22.4,35.5,5.6,69.4,21.2,14.8,463600,6
2009,"Madison, WI",49.1,6,24.1,6.2,79.6,14.1,12.8,223600,1.9
2009,"McAllen-Edinburg-Mission, TX",53.9,39.3,27.7,31,69.5,24.6,35.4,76100,5.4
2009,"Memphis, TN-MS-AR",42.7,16.2,55.4,17,62.7,29.3,19.4,135800,12.1
2009,"Miami-Fort Lauderdale-Pompano Beach, FL",44.5,17.5,40.1,11.1,68.7,23.2,15.4,227400,6.9
2009,"Milwaukee-Waukesha-West Allis, WI",46.6,11.2,33,9.2,71.9,21.2,14.3,207100,5.2
2009,"Minneapolis-St. Paul-Bloomington, MN-WI",51.5,7.5,24.8,6.1,79,15.2,9.9,234000,1.7
2009,"Modesto, CA",51.4,25.6,31.4,9.4,71.4,19.6,17,196800,8.9
2009,"New Haven-Milford, CT",46.7,12.4,26.9,10.2,71.8,21.8,12.1,272500,3.8
2009,"New Orleans-Metairie-Kenner, LA",43.3,15.3,47.8,14.3,66.8,25.5,15.9,181500,21.4
2009,"New York-Northern New Jersey-Long Island, NY-NJ-PA",46.1,15.7,30.8,10.6,69.8,22.8,12.8,439500,4.1
2009,"Ogden-Clearfield, UT",58.5,7.8,17.7,7.1,82.1,12.2,9.1,209700,1.3
2009,"Oklahoma City, OK",49.9,12.8,29.3,10.9,73.6,18.7,15.2,123400,6.8
2009,"Omaha-Council Bluffs, NE-IA",51.1,9.5,31.7,8.7,76.6,17.7,10.7,143900,3.9
2009,"Oxnard-Thousand Oaks-Ventura, CA",52.4,16.9,31.2,4.8,75.6,16.1,10.4,475900,3.6
2009,"Palm Bay-Melbourne-Titusville, FL",53.4,9.3,29.8,8,78.9,15.3,11.2,167500,4.8
2009,"Philadelphia-Camden-Wilmington, PA-NJ-DE-MD",45.9,11.8,36.9,8.9,72,21.2,11.9,248100,7.3
2009,"Pittsburgh, PA",49.1,9,35.4,10.6,75.9,18.3,12.3,120600,4.7
2009,"Portland-South Portland-Biddeford, ME",52.1,7.5,24.9,10.4,79.5,14.8,8.4,237100,2.5
2009,"Poughkeepsie-Newburgh-Middletown, NY",49.6,12,27.1,6.6,77.2,15.6,10.4,308000,1.9
2009,"Providence-New Bedford-Fall River, RI-MA",47.1,16.7,28.9,10.5,73,20.1,11.3,274700,2.9
2009,"Provo-Orem, UT",54,6.8,6.7,6.7,85.8,9.9,14.1,237200,0.7
2009,"Raleigh-Cary, NC",52.5,10.6,27.9,6.4,78.2,16.2,11.4,203700,2.3
2009,"Richmond, VA",48,14.6,37.3,8.3,71.7,22.1,11.2,230400,5.8
2009,"Riverside-San Bernardino-Ontario, CA",48.7,21.4,38.3,8.2,72.2,18.8,15.4,244800,5.1
2009,"Rochester, NY",47.9,11.4,36.1,10.9,75.2,18.7,12.2,129100,3.6
2009,"St. Louis, MO-IL",49,11.3,40.6,11.5,72.4,21.4,12.6,160500,7.4
2009,"Salt Lake City, UT",53.7,11.1,21,6.7,79.9,13.9,9.9,243900,1.9
2009,"San Diego-Carlsbad-San Marcos, CA",48.2,14.6,27.4,3.4,74.8,17.5,12.6,417700,2.5
2009,"San Francisco-Oakland-Fremont, CA",46.9,13.1,22.8,3.6,75.6,16.9,9.8,591600,6.8
2009,"San Jose-Sunnyvale-Santa Clara, CA",51.6,14.6,19.7,3.4,77.2,14.5,9.3,638300,2.5
2009,"Seattle-Tacoma-Bellevue, WA",50.4,8.7,23.3,8.8,78,15.4,10.3,355400,2.6
2009,"Springfield, MA",42.2,14.3,43,16.2,69.3,24.4,15.9,218300,3.4
2009,"Stockton, CA",49.9,25.4,41.7,9.4,71.1,19.1,15.7,221600,7.5
2009,"Syracuse, NY",46.3,10.7,33.1,11.5,71.6,20.4,13.6,119400,3.3
2009,"Tampa-St. Petersburg-Clearwater, FL",47.3,13.5,40.3,8.8,73.6,19.8,13.9,166000,3.6
2009,"Toledo, OH",47.3,12.4,45.3,15.4,72.7,20.2,16.9,126500,5.4
2009,"Tucson, AZ",44.2,14.8,45.5,12.4,72.6,20.5,19.3,188500,5.4
2009,"Tulsa, OK",53,12.8,35.6,10.4,75.2,17.6,13.5,126600,8.6
2009,"Washington-Arlington-Alexandria, DC-VA-MD-WV",49.2,10,27.6,5.3,75.9,18.2,7.5,387900,6
2009,"Wichita, KS",51.7,10.3,28.6,10.8,73.7,19,12.6,120400,4.3
2009,"Worcester, MA",50.1,11.5,30.8,9.8,75.4,17.4,9.4,271600,2
2009,"Youngstown-Warren-Boardman, OH-PA",49.1,13.1,44.8,14.9,72.4,21.1,16.2,97700,5.7
2010,"Akron, OH",47.9,10.7,41,12.9,73.7,19.8,15.5,145000,3.7
2010,"Albany-Schenectady-Troy, NY",46.7,8.9,26.2,10.3,76.1,17.9,11.5,199000,1.5
2010,"Albuquerque, NM",46.9,13.2,44.6,12.1,69,20.6,17.2,183300,5.8
2010,"Allentown-Bethlehem-Easton, PA-NJ",51.3,12.3,37.7,9.8,76.2,17.2,11.7,218700,3.5
2010,"Atlanta-Sandy Springs-Marietta, GA",48.7,12.5,37.9,11.3,71.6,21.6,14.8,175900,6.1
2010,"Augusta-Richmond County, GA-SC",45.9,14.9,41.6,14.4,66.3,26.3,19.9,126200,10.2
2010,"Austin-Round Rock-San Marcos, TX",47.8,12.5,33.7,9.6,73.4,19.3,15.9,187600,3.4
2010,"Bakersfield-Delano, CA",46.8,28.7,47,14.1,67.2,22.4,21.2,164200,9
2010,"Baltimore-Towson, MD",46.5,12.3,36.2,9.3,70.8,22.4,11,288700,10.3
2010,"Boise City-Nampa, ID",55.1,11.1,30.4,12,79.1,14.5,16.2,173200,1.6
2010,"Boston-Cambridge-Quincy, MA-NH",47.2,9.4,28.3,9.4,74.9,18.8,10.3,365200,3.5
2010,"Bridgeport-Stamford-Norwalk, CT",51.7,12.1,27,8,77,17,9.4,441400,3.8
2010,"Buffalo-Niagara Falls, NY",44.8,10.4,38.2,14.9,70.2,22.6,14.4,120700,6.1
2010,"Cape Coral-Fort Myers, FL",51.3,14,47.7,10.3,78.2,15.6,17.4,149500,4.5
2010,"Charleston-North Charleston-Summerville, SC",46.5,12,38.6,12.7,71.6,23.1,16.2,192900,6
2010,"Chattanooga, TN-GA",52.3,16.2,29.6,14.7,74,18.7,16,142000,4.6
2010,"Cincinnati-Middletown, OH-KY-IN",50.4,11.8,34.5,11.4,74.7,18.9,14,155500,4.2
2010,"Cleveland-Elyria-Mentor, OH",46.2,11.2,46,14,69.7,23.9,15.1,146700,4.9
2010,"Colorado Springs, CO",53.4,7.1,24,8.8,77.2,17.2,13.3,214300,3.7
2010,"Columbia, SC",44.6,12.7,45.7,12.4,69.2,24.8,16.2,137100,5.3
2010,"Columbus, OH",48.1,10.2,41,14.1,73.3,20.2,15.7,163500,5.8
2010,"Dallas-Fort Worth-Arlington, TX",50.9,16.4,32.7,9.2,72.6,20,14.6,150400,4.7
2010,"Dayton, OH",47.9,11,45.6,12.9,71.6,21.4,16.3,125600,4.9
2010,"Deltona-Daytona Beach-Ormond Beach, FL",47.5,12.9,34.4,12.7,78,15.8,16.3,151600,3.4
2010,"Denver-Aurora-Broomfield, CO",51,11.2,26.9,7.4,75.1,17,12.5,245900,2.5
2010,"Des Moines-West Des Moines, IA",53.6,8.4,28.6,10.3,76.9,16.7,9.9,151900,1.6
2010,"Detroit-Warren-Livonia, MI",46.8,11.9,42.2,16.5,70.3,22.5,16.6,124400,9.1
2010,"Durham-Chapel Hill, NC",45.2,13.3,40.1,10.9,71.3,22.2,18.9,190000,7.1
2010,"El Paso, TX",48,27.3,34.1,23.3,65.9,27.3,24.3,108200,0.9
2010,"Fresno, CA",47.2,26.2,37,17.3,69,22,26.8,212500,6.8
2010,"Grand Rapids-Wyoming, MI",52,11.2,32.5,16.3,75.7,18.4,16.4,136800,2.2
2010,"Greensboro-High Point, NC",47.5,15.2,24.9,14,70.5,22.7,18.1,141100,4.3
2010,"Greenville-Mauldin-Easley, SC",47.9,16.7,35,11.6,72.7,20.6,15.8,142600,4.6
2010,"Harrisburg-Carlisle, PA",48.6,10.3,33.5,9,73.2,19.2,10.9,168100,3.5
2010,"Hartford-West Hartford-East Hartford, CT",47.1,11,37.7,10.5,71.9,21.4,10.1,258300,4.5
2010,"Honolulu, HI",49.4,10.1,25.4,7.4,73.9,17.9,9.1,560500,2
2010,"Houston-Sugar Land-Baytown, TX",50.2,19.4,34.5,10.5,71.7,20.7,16.5,140800,7.3
2010,"Jackson, MS",45,14.6,49,14.9,65.2,27.1,17.9,128200,10.4
2010,"Jacksonville, FL",48.6,10.9,35.6,11.6,72,21.6,15.3,170900,7.2
2010,"Kansas City, MO-KS",51.2,9.9,35,9.3,75.7,17.7,12.4,159200,8.2
2010,"Knoxville, TN",50.7,12.3,29.5,13.1,76.8,17.7,13.8,151400,5
2010,"Lakeland-Winter Haven, FL",51.1,18.4,38.4,13.6,75,18.4,17.5,119100,5.1
2010,"Lancaster, PA",57.3,15.9,25.3,9,83.7,11.8,10.5,187400,1.8
2010,"Las Vegas-Paradise, NV",46.3,16.1,37.9,10.1,69,20.7,15.1,170100,6.7
2010,"Little Rock-North Little Rock-Conway, AR",49.3,12.5,33,10.6,69.8,23.9,15.2,132700,6.3
2010,"Los Angeles-Long Beach-Santa Ana, CA",44.7,22.5,36.3,6.6,68.4,21.9,16.3,455900,5.3
2010,"Louisville/Jefferson County, KY-IN",49.8,13.1,40.8,13,71.9,21.2,15.3,148100,4.9
2010,"Madison, WI",49.7,5.8,26.1,9,79.8,13.8,11.8,224000,0.9
2010,"McAllen-Edinburg-Mission, TX",52.4,38.1,29.2,33.9,69.5,24.8,33.4,80400,4.6
2010,"Memphis, TN-MS-AR",43.7,14.4,52,18.9,62.9,29.3,19.1,138700,8.6
2010,"Miami-Fort Lauderdale-Pompano Beach, FL",43.8,17.3,42.1,13.8,67.6,24.5,17.1,195700,6.6
2010,"Milwaukee-Waukesha-West Allis, WI",45.9,10.6,43.1,12.8,71.4,22.2,15.5,203600,6.4
2010,"Minneapolis-St. Paul-Bloomington, MN-WI",50.9,7,28.3,7.3,77.6,15.9,10.9,225500,2.4
2010,"Modesto, CA",50.1,24.1,33.8,12,70.2,20.4,19.9,176800,5.6
2010,"New Haven-Milford, CT",45.1,11.9,35.5,12.7,70.5,23.2,11.7,269200,5
2010,"New Orleans-Metairie-Kenner, LA",43.2,15.9,42,13.9,65,27.9,17.4,176900,20.8
2010,"New York-Northern New Jersey-Long Island, NY-NJ-PA",45.9,15.3,30.9,12,69.1,23.2,13.8,426500,4.7
2010,"North Port-Bradenton-Sarasota, FL",51.3,10.8,51.8,8.7,78.3,16.1,13.6,173000,3.6
2010,"Ogden-Clearfield, UT",60.9,7.1,16.2,9.4,81.6,12.8,10.2,209900,1.5
2010,"Oklahoma City, OK",49.9,12.5,34.1,13.3,73.7,20.4,15.9,127400,5.7
2010,"Omaha-Council Bluffs, NE-IA",51.8,8.8,31.1,9.8,76.1,17.1,12.4,146100,4.5
2010,"Orlando-Kissimmee-Sanford, FL",47.1,12.9,37.5,11.2,73,20.5,14.7,169000,4.8
2010,"Oxnard-Thousand Oaks-Ventura, CA",50.1,17.9,29.4,5.7,74.6,17.7,10.7,458200,2.2
2010,"Palm Bay-Melbourne-Titusville, FL",51.9,8.9,29.7,10,77.2,16.6,13.4,149100,3.7
2010,"Philadelphia-Camden-Wilmington, PA-NJ-DE-MD",45.7,11.6,40,10.3,71.2,21.7,12.7,246300,7.8
2010,"Phoenix-Mesa-Glendale, AZ",49.1,14,40.7,11.9,73.3,18.5,16.3,172900,5.5
2010,"Pittsburgh, PA",48.2,8.7,28.1,11.8,75.4,18.1,12.2,122200,4.7
2010,"Portland-South Portland-Biddeford, ME",51.6,7.4,38.2,11.7,77.9,15.6,10.3,235500,1.9
2010,"Poughkeepsie-Newburgh-Middletown, NY",50.9,12.6,29.9,8.5,77.2,16.2,9.4,292200,4.6
2010,"Providence-New Bedford-Fall River, RI-MA",44.1,17.4,41.8,15.1,70.2,23.1,13.7,266700,2.6
2010,"Provo-Orem, UT",58.4,6.2,4.5,7.6,86.7,9.9,14.6,223000,1.1
2010,"Raleigh-Cary, NC",52.1,9.1,28.1,7.8,76.6,18,12.9,207800,3.4
2010,"Richmond, VA",48.3,14,39.6,9.8,71.8,21.6,11.6,227400,7.2
2010,"Riverside-San Bernardino-Ontario, CA",48,21.8,37.9,9.8,71.2,20,17.1,225600,4.5
2010,"Rochester, NY",46.8,11.6,36.5,11.7,72.1,21.4,14.2,127400,4.9
2010,"St. Louis, MO-IL",48.8,11.1,35.6,12.5,73.1,20.4,13.3,161400,7.8
2010,"Salt Lake City, UT",53.4,11.6,22.5,8.9,78.4,15.1,13.1,236800,2.9
2010,"San Antonio-New Braunfels, TX",49.9,17.5,35,12.9,71.7,20.9,16.3,131700,4.7
2010,"San Diego-Carlsbad-San Marcos, CA",46.9,14.9,27.5,4.7,74.2,18.6,14.8,407000,2.2
2010,"San Francisco-Oakland-Fremont, CA",47.4,12.8,25.4,4.5,74.7,17.9,10.9,588300,6.2
2010,"San Jose-Sunnyvale-Santa Clara, CA",52.6,13.8,17.7,4.6,77.9,15,10.6,631400,1.4
2010,"Seattle-Tacoma-Bellevue, WA",50.1,8.8,26.8,10.7,77.1,16,11.7,333100,2.3
2010,"Springfield, MA",43.4,13.6,48,17.8,68,24.7,15.8,220700,3.7
2010,"Stockton, CA",47.7,23.5,44.4,11.2,68.3,22.2,19.2,213400,9.2
2010,"Syracuse, NY",45.6,10.5,39.5,12.6,72.1,21.8,14.3,122700,3.4
2010,"Tampa-St. Petersburg-Clearwater, FL",46.3,13.1,39.8,12.9,72.5,20.6,15.4,152200,4.3
2010,"Toledo, OH",45.9,10.6,45.3,14.8,70,22.8,17.4,123800,4
2010,"Tucson, AZ",47.1,13,46.8,14.1,72.5,20.2,17.8,173200,8
2010,"Tulsa, OK",51,12.1,32.7,11.8,73.2,19.7,15.5,128400,6.4
2010,"Virginia Beach-Norfolk-Newport News, VA-NC",48.6,10.4,30.7,8.6,72.6,21.6,10.6,246200,6.6
2010,"Washington-Arlington-Alexandria, DC-VA-MD-WV",48.5,10.4,29.3,5.9,73.6,19.3,8.4,376200,5.3
2010,"Wichita, KS",51.3,12.3,36.8,11.4,75.1,18,13.8,119000,2.9
2010,"Worcester, MA",48.4,11.5,21.4,12.2,75.8,17.9,10.8,268100,1.7
2010,"Youngstown-Warren-Boardman, OH-PA",46.6,11.2,38.1,15.1,71.8,21,17.1,98600,5.9
2011,"Akron, OH",46.8,9.1,38.2,14.5,72.9,21.7,16.6,139800,4.7
2011,"Albany-Schenectady-Troy, NY",46.3,7.9,30.8,9.7,75.3,19.2,11.5,197300,1.5
2011,"Albuquerque, NM",44.6,12.5,42.5,14.9,67.3,22.1,20.4,176800,5
2011,"Allentown-Bethlehem-Easton, PA-NJ",50.9,13.1,43.2,10.6,75.9,17.6,11.8,208100,2.8
2011,"Atlanta-Sandy Springs-Marietta, GA",47.6,12.9,35.7,13.2,70.5,22.5,16.8,166100,6
2011,"Augusta-Richmond County, GA-SC",46.7,14.4,37.5,15.5,67.2,25.1,18.9,126200,8.9
2011,"Austin-Round Rock-San Marcos, TX",47.9,12.1,30.3,9.7,74.7,17.7,15.2,187600,2.9
2011,"Bakersfield-Delano, CA",46,27.2,41.1,15.3,65.9,22.6,24.5,155900,5.4
2011,"Baltimore-Towson, MD",44.6,11,40.6,11.3,68.9,23.7,11.6,278100,9.4
2011,"Baton Rouge, LA",44.4,14.5,40,14.5,67.2,24.6,17.6,157200,11.9
2011,"Birmingham-Hoover, AL",49.9,15.2,29.3,15.2,72.7,22,16.5,143000,8.9
2011,"Boise City-Nampa, ID",54.9,10.8,29.7,14.5,77.9,15.3,16.2,157700,1.3
2011,"Boston-Cambridge-Quincy, MA-NH",48.1,9.4,28.8,10.3,75.2,18.9,10.7,356100,2.8
2011,"Bridgeport-Stamford-Norwalk, CT",50.7,11.1,26.1,8.6,78.1,17.1,9.4,440700,3.6
2011,"Buffalo-Niagara Falls, NY",44.7,10.7,41.7,15.7,69.6,22.9,14.8,120300,3.9
2011,"Cape Coral-Fort Myers, FL",50.2,12.4,31.2,10.8,78.4,14.4,15.3,128300,6.1
2011,"Charlotte-Gastonia-Rock Hill, NC-SC",50.2,12.4,31.2,13.9,73.3,20.5,15.7,166100,4.8
2011,"Chattanooga, TN-GA",50.4,15.7,36.6,16.5,73.5,19.5,17.6,140800,6.4
2011,"Chicago-Joliet-Naperville, IL-IN-WI",46.8,13.5,35.3,12.1,71.7,21.2,14.7,220200,6.4
2011,"Cincinnati-Middletown, OH-KY-IN",49.4,11.4,35.9,12.6,74.2,19.5,14.3,152000,4.6
2011,"Cleveland-Elyria-Mentor, OH",45.4,11.4,47.1,14.8,70.4,23.3,16,138800,4.8
2011,"Colorado Springs, CO",54.1,6.2,24.5,9.2,78.7,15.6,12.9,214800,4.7
2011,"Columbus, OH",47.5,10,32.2,14.1,73.5,20.2,15.4,159800,5.7
2011,"Dallas-Fort Worth-Arlington, TX",50.6,16.4,36.2,10.4,72.2,20.1,15.8,147700,4.5
2011,"Dayton, OH",47.8,11.6,44.8,14.4,71.9,21.7,17.6,124200,6.1
2011,"Deltona-Daytona Beach-Ormond Beach, FL",45.8,13.5,42,15.6,76.5,17.9,17.1,128600,4.4
2011,"Denver-Aurora-Broomfield, CO",49.2,10.3,29.4,7.8,74.7,17.7,12.8,243600,2.7
2011,"Des Moines-West Des Moines, IA",53.3,8,21.4,11.7,78.1,15.1,11.1,153400,1.6
2011,"Detroit-Warren-Livonia, MI",46.1,12,39.9,18.4,69.7,22.9,18,118200,9.7
2011,"Durham-Chapel Hill, NC",45.5,12.7,42.2,11.9,68.7,24.4,18.4,190700,7.2
2011,"El Paso, TX",45.6,26.3,38.2,23.6,64.9,26.9,24.7,114700,2.2
2011,"Fresno, CA",44.6,27.6,32.3,17.7,64.7,24.3,25.8,184300,5.5
2011,"Grand Rapids-Wyoming, MI",52,10.5,22,17,76.7,17.7,14.7,130500,2.6
2011,"Greenville-Mauldin-Easley, SC",50.3,14.9,31.6,12.8,75,19.9,17.5,140200,6.5
2011,"Harrisburg-Carlisle, PA",51,9.8,36.3,8.3,76.4,17.1,10.5,169400,3.6
2011,"Hartford-West Hartford-East Hartford, CT",47.9,10.6,42.6,11.5,73.2,20.6,11.4,248400,3.5
2011,"Houston-Sugar Land-Baytown, TX",49.8,18.9,33,11.9,71.2,20.6,17.4,140000,5.4
2011,"Indianapolis-Carmel, IN",49.2,11.1,32.6,11.7,73,20.2,14.1,143700,6.1
2011,"Jackson, MS",45.2,13.6,51.1,13.6,65.3,26.8,18.5,134300,12.2
2011,"Jacksonville, FL",46.9,11.6,39.6,13.2,71.8,21.6,15.2,158500,6.4
2011,"Kansas City, MO-KS",50.9,9.6,33.8,10.9,73.7,19.6,13.4,157600,7.9
2011,"Knoxville, TN",51.6,12.2,38,12.9,77.2,15.9,14.2,152300,4.8
2011,"Lakeland-Winter Haven, FL",47.9,18.1,47.9,14.9,72,21.3,19.4,109700,4.1
2011,"Lancaster, PA",54,15.5,30.5,9.3,81.2,13.8,10.9,184200,1.3
2011,"Las Vegas-Paradise, NV",45,16.8,33.1,11.5,68.4,21.4,16.9,153800,4.7
2011,"Little Rock-North Little Rock-Conway, AR",49,11.8,37.2,12.8,72,22,14.7,136700,9.8
2011,"Los Angeles-Long Beach-Santa Ana, CA",44,21.9,37,7.3,68.3,22,17,439200,4.9
2011,"Louisville/Jefferson County, KY-IN",47.6,12.8,45.9,13.7,71.7,20.7,15.3,145400,4.4
2011,"Madison, WI",49.1,5.4,33.7,9.5,77.3,14.9,12.6,218300,1.8
2011,"McAllen-Edinburg-Mission, TX",53.8,38.6,36.1,34.7,73.1,21.1,37.7,77600,4.4
2011,"Memphis, TN-MS-AR",40.5,13.8,54.5,19,61.6,30.4,19.3,133400,10.6
2011,"Miami-Fort Lauderdale-Pompano Beach, FL",43.2,16.6,38,16.4,67.8,23.9,17.8,174000,6.1
2011,"Milwaukee-Waukesha-West Allis, WI",46.6,10.4,33.4,15.8,71.8,21.2,15.2,198500,5.9
2011,"Minneapolis-St. Paul-Bloomington, MN-WI",50.9,7.2,29.3,8.1,77.3,16,11,210300,1.8
2011,"Modesto, CA",48.2,24.1,36.7,14.7,68.8,22,23.8,161900,6.5
2011,"New Haven-Milford, CT",44.5,12,44.7,13.8,68.4,24.7,13.2,254200,6.2
2011,"New Orleans-Metairie-Kenner, LA",41.6,15.4,54.1,15.2,63.4,28.5,19.5,173500,23.7
2011,"New York-Northern New Jersey-Long Island, NY-NJ-PA",45.5,15.2,31.4,13.2,68.8,23.4,14.4,410300,4.5
2011,"North Port-Bradenton-Sarasota, FL",53.2,10.8,42.5,9,78.6,15.4,13.4,159900,4.5
2011,"Ogden-Clearfield, UT",58.9,8.2,14,10.3,80.5,13.8,10.1,197700,1.4
2011,"Oklahoma City, OK",50.1,12.5,37.2,13.4,73.5,18.7,16.6,131800,6.2
2011,"Omaha-Council Bluffs, NE-IA",51.4,8.6,23.4,10,76.7,16.7,12.6,145900,5.8
2011,"Orlando-Kissimmee-Sanford, FL",45.6,12.5,44.6,13,70.4,22.8,16,152400,5.6
2011,"Oxnard-Thousand Oaks-Ventura, CA",50.6,17.1,24.4,6.3,76.1,15.9,11.3,433100,1.8
2011,"Palm Bay-Melbourne-Titusville, FL",47.3,10.7,27.3,12.1,74.5,18.6,14,134700,2.7
2011,"Philadelphia-Camden-Wilmington, PA-NJ-DE-MD",44.9,11.3,38.1,12,71,21.8,13.5,237900,8.1
2011,"Phoenix-Mesa-Glendale, AZ",48.1,13.7,37.3,12,71.8,19.7,17.4,155600,4.9
2011,"Pittsburgh, PA",47.9,8.1,39.3,12.8,74.2,19.4,12.6,127300,3.8
2011,"Portland-South Portland-Biddeford, ME",50.9,6.9,26.1,13.1,78.3,14.7,11.5,230400,1
2011,"Portland-Vancouver-Hillsboro, OR-WA",49.5,9.6,26.2,16.5,76.3,17,15,258800,2.1
2011,"Poughkeepsie-Newburgh-Middletown, NY",49.2,12.1,23.8,9.9,76.4,17.6,12.2,279400,2.4
2011,"Provo-Orem, UT",58.3,7.1,8.2,9.1,84.6,10.4,14.1,213400,0.9
2011,"Raleigh-Cary, NC",51.7,11.3,25.2,8.9,77.5,17.6,12.3,205500,2.6
2011,"Richmond, VA",45.3,13.5,40.4,10.8,71.4,22.5,12.4,213900,5.6
2011,"Riverside-San Bernardino-Ontario, CA",47.9,21.1,35.3,11.4,70.9,20.3,18,217800,4.3
2011,"Rochester, NY",46.7,10.9,45.2,14,71.8,21.4,15.5,129200,4.1
2011,"St. Louis, MO-IL",48.9,9.9,34.4,12.6,72.6,20.9,13.7,157000,7.6
2011,"Salt Lake City, UT",53.1,10.8,17.9,9.7,77.6,15.7,13.9,226200,2.1
2011,"San Antonio-New Braunfels, TX",48.6,17.5,34.9,14.8,70.4,22.8,16.6,130100,5.1
2011,"San Diego-Carlsbad-San Marcos, CA",47,15.1,25.4,5.7,73.9,18.7,15.1,396500,2.6
2011,"San Francisco-Oakland-Fremont, CA",47.5,12.6,24.5,5.3,74.1,18.2,11.9,561200,6
2011,"San Jose-Sunnyvale-Santa Clara, CA",52.4,13.1,23.3,5.1,77.5,15.3,10.6,618100,3.3
2011,"Seattle-Tacoma-Bellevue, WA",49.8,8.6,23.8,12.6,76.7,16.6,11.9,309600,2.1
2011,"Springfield, MA",42.4,13.7,38.3,18.4,67,25.2,15.6,218600,3.6
2011,"Stockton, CA",46.8,22.8,40.3,13.2,69.5,21.1,18.1,196800,12.5
2011,"Syracuse, NY",45.1,11.8,45.8,13.4,72.5,21,16.2,125100,2.3
2011,"Tampa-St. Petersburg-Clearwater, FL",46.3,12.5,43.1,14.3,73.2,20.1,16.3,137400,4.7
2011,"Toledo, OH",44.4,10.9,49.7,18.5,68.1,24.4,20.2,117700,6.1
2011,"Tucson, AZ",44.7,12.7,44.7,15.6,69.6,22,20.4,165700,7.5
2011,"Tulsa, OK",51.5,11.7,43.7,13.1,74.1,19.3,15.3,126800,6.8
2011,"Virginia Beach-Norfolk-Newport News, VA-NC",47.6,10.2,37.1,10.4,70.9,22.4,11.7,239900,6.6
2011,"Washington-Arlington-Alexandria, DC-VA-MD-WV",48.5,9.6,28,6.9,73.5,19.5,8.3,365100,4.4
2011,"Wichita, KS",50.4,10.7,31.3,12.6,73.5,18.8,14.8,123600,4.9
2011,"Worcester, MA",47.6,11.2,45.3,13.5,73.2,20,11.6,255900,2
2012,"Akron, OH",46.8,9.4,56.9,15,73.3,20.4,15.7,131800,3.8
2012,"Albany-Schenectady-Troy, NY",44.7,8,29.8,10.9,74.9,18.1,11,197000,2.6
2012,"Albuquerque, NM",45.6,12,36.9,15.6,69.1,21.7,18.5,175600,5.9
2012,"Allentown-Bethlehem-Easton, PA-NJ",50.1,11.1,38.9,10.6,74.9,18.3,10.5,196400,4.1
2012,"Augusta-Richmond County, GA-SC",46.5,14.4,50.9,17.4,68.7,25,20.3,127900,8.2
2012,"Baton Rouge, LA",42.3,13.3,46.9,15.9,67,24.4,18.7,160400,11.8
2012,"Birmingham-Hoover, AL",48.9,13.4,45.1,14.8,72.1,22.5,16.8,142600,9.4
2012,"Bridgeport-Stamford-Norwalk, CT",51.1,8.9,18.6,9.2,75.7,18.4,8.9,403400,3.6
2012,"Cape Coral-Fort Myers, FL",50.8,13.1,52.1,13.2,76.7,16.6,15.3,137600,7
2012,"Colorado Springs, CO",53.2,5.5,16.1,8.8,76.9,17,12.8,216000,3
2012,"Dallas-Fort Worth-Arlington, TX",50.4,16.1,34.7,11.7,73.2,19.6,15,149600,4.1
2012,"Dayton, OH",45.7,11,42.5,15.8,70.9,22.4,16.9,119500,3.9
2012,"Deltona-Daytona Beach-Ormond Beach, FL",46.9,11.8,47.3,16,75.2,17.7,19.8,130000,3.3
2012,"Des Moines-West Des Moines, IA",53.6,6.8,33.3,13.8,76,17,12.3,158900,1.4
2012,"Durham-Chapel Hill, NC",46.4,12.3,40.1,12.6,72.2,20.5,17.9,188500,5.2
2012,"El Paso, TX",49.1,24.5,37.4,24.6,67.1,26.2,24,113200,3.3
2012,"Fresno, CA",42.9,27.6,40.1,20.2,63.2,24.8,28.4,174200,8
2012,"Greensboro-High Point, NC",47,14.6,35.5,14.8,68.1,24.6,18.1,133800,6
2012,"Harrisburg-Carlisle, PA",50.4,10.6,43.1,10.3,74.9,18.3,12.4,170500,3.3
2012,"Hartford-West Hartford-East Hartford, CT",46.9,10.1,34.4,12.2,72,20.7,10.9,243800,3.6
2012,"Jackson, MS",41.7,12.6,58.7,16.2,62.8,28.6,22.2,133900,13.4
2012,"Jacksonville, FL",46.3,11.3,42.2,14.9,71.7,22.1,15.7,147400,8
2012,"Kansas City, MO-KS",50.5,8.8,32.6,10.9,74.5,18.8,12.9,156000,7.7
2012,"Knoxville, TN",52.3,11.6,35.4,14.5,78.3,15.7,16.5,157200,4
2012,"Lakeland-Winter Haven, FL",48.4,16.7,43.5,17.7,72.4,20.1,17.9,96900,6.3
2012,"Lancaster, PA",55.8,16,26,10.4,81.1,12.9,11.8,188800,2.9
2012,"Little Rock-North Little Rock-Conway, AR",48.4,10.2,21.5,13.6,72.7,20,15.1,135600,9.1
2012,"Louisville/Jefferson County, KY-IN",48,11.9,39.3,14.5,71.2,21.5,16.1,147300,6.2
2012,"Madison, WI",48.4,5.3,23.6,10,78.9,14.8,12.7,217600,2.4
2012,"McAllen-Edinburg-Mission, TX",50.7,36.5,17.8,32.7,68.4,25.6,34.5,80300,3.7
2012,"Memphis, TN-MS-AR",41.9,13.8,47.2,19.7,62.3,30.1,19.9,131100,11.5
2012,"Milwaukee-Waukesha-West Allis, WI",47.1,10.1,40.6,16.2,71.6,21.1,15.9,192900,6.9
2012,"Minneapolis-St. Paul-Bloomington, MN-WI",51.3,6.8,23.8,8.9,77.3,16.2,10.7,203700,2.2
2012,"Modesto, CA",48.6,22.2,33.8,16.7,70.1,20.5,20.3,159800,7.3
2012,"Nashville-Davidson--Murfreesboro--Franklin, TN",49.1,11.8,32.6,14.1,75.1,18.6,14.3,172300,5.1
2012,"New Haven-Milford, CT",45.7,11.8,35.7,15,70.7,22.3,13.5,242100,4.1
2012,"Ogden-Clearfield, UT",58.1,6.8,16.4,9.8,81.5,12.8,10.2,190400,0.7
2012,"Oklahoma City, OK",48.8,12.3,29.4,13.4,73.3,19.1,16.2,131300,8
2012,"Omaha-Council Bluffs, NE-IA",49.9,9.3,34.2,10.8,73,19.3,13,144700,4.9
2012,"Orlando-Kissimmee-Sanford, FL",44.6,12.4,50,14.5,71.4,21.9,16.9,143200,5
2012,"Oxnard-Thousand Oaks-Ventura, CA",50.2,17.3,29.1,7.5,74.9,17.9,11.5,413100,2.5
2012,"Palm Bay-Melbourne-Titusville, FL",47.7,10.1,32.1,12.2,73.9,19.7,14.7,126000,5.4
2012,"Philadelphia-Camden-Wilmington, PA-NJ-DE-MD",45.1,10.9,41.1,13,70.9,22.2,13.4,235100,8.6
2012,"Pittsburgh, PA",48.6,7.8,36.4,12.6,76.2,17.5,12.1,124300,4.2
2012,"Portland-Vancouver-Hillsboro, OR-WA",48.9,8.6,27.6,17.4,76,17,14,249300,2.4
2012,"Provo-Orem, UT",58.1,7.2,8.4,8.7,87.3,8.7,14.3,207800,0.7
2012,"Richmond, VA",46.3,12.7,32.1,10.8,71.8,21.1,11.9,207400,6.8
2012,"Riverside-San Bernardino-Ontario, CA",46.7,21.4,39.4,12.5,70.5,20.2,19,214100,4.1
2012,"Rochester, NY",44.9,9.6,39.6,13.7,70.5,22.3,14.4,130100,4
2012,"St. Louis, MO-IL",48.2,10.2,41.5,13.9,72.6,20.8,14.3,155200,7.3
2012,"Salt Lake City, UT",52.2,10.8,25.6,10.2,77.7,15.5,12.7,221100,2.2
2012,"San Antonio-New Braunfels, TX",47.8,16.3,37,15.1,69.7,22,17.3,132100,5.1
2012,"San Jose-Sunnyvale-Santa Clara, CA",53.3,14.1,22.5,5.5,77.8,15,10.8,624200,3
2012,"Seattle-Tacoma-Bellevue, WA",49.4,8.2,25.4,12.6,77.1,15.9,11.7,293700,2.9
2012,"Springfield, MA",41.9,12.2,39.8,19.5,67.9,24.5,17.2,210500,2.1
2012,"Syracuse, NY",44.6,10.4,46.8,14.4,71.3,20.7,15.3,124400,2.3
2012,"Tampa-St. Petersburg-Clearwater, FL",46.1,11.7,37.1,14.7,71.8,20.5,16.4,132400,3.9
2012,"Toledo, OH",44.2,10.3,40.9,17.7,71.5,20.8,19.9,114900,7.1
2012,"Tucson, AZ",45.9,12.4,36.3,16,72.7,19.3,20,153500,5.7
2012,"Tulsa, OK",50.3,11.8,34.4,12.4,72.4,19.7,15.1,128400,5.7
2012,"Virginia Beach-Norfolk-Newport News, VA-NC",46.9,10.1,38.2,11.7,69.3,24.2,13.1,233300,6.8
2012,"Washington-Arlington-Alexandria, DC-VA-MD-WV",48,9.9,28,7.4,74,19.3,8.4,367600,3.6
2012,"Wichita, KS",52,10.2,30.2,12.5,74.8,17.5,15.1,123000,3.8
2012,"Youngstown-Warren-Boardman, OH-PA",47.8,11.3,46.4,18,71.2,22,17.3,97600,5.7
2013,"Akron, OH",46.2,8.9,34.8,13.9,73.6,19.6,15.4,136600,5.1
2013,"Albany-Schenectady-Troy, NY",47.3,7.9,33.3,11.7,76.7,16.9,12.5,195600,2.7
2013,"Albuquerque, NM",45,12.6,40.8,16.1,69.4,22.2,19.4,176900,5.9
2013,"Allentown-Bethlehem-Easton, PA-NJ",50.6,11.3,42.4,11.1,75.9,18.1,12.4,197300,2.9
2013,"Atlanta-Sandy Springs-Roswell, GA",47.1,11.8,36.2,14.2,70.9,21.8,15.9,160800,5.9
2013,"Augusta-Richmond County, GA-SC",44.2,14.9,48.2,17.6,67.7,25.4,19.8,123100,5.5
2013,"Austin-Round Rock, TX",47.2,11.4,27.6,8.9,74.7,18,14.3,205000,2.8
2013,"Bakersfield, CA",45.9,26,51.2,16.9,67.5,22.7,22.8,161000,7.1
2013,"Baltimore-Columbia-Towson, MD",45.2,10.5,34.3,12.6,69.8,23.5,11.2,270000,10
2013,"Baton Rouge, LA",43.3,13,48.6,17.6,66.1,25.6,18.7,158300,10.2
2013,"Birmingham-Hoover, AL",48,13,40.2,13.6,70.7,23.6,16.9,144100,8.2
2013,"Boise City, ID",53.2,9.7,16.1,13.4,78,14.1,16.9,162800,0.9
2013,"Boston-Cambridge-Newton, MA-NH",47.1,8.8,26,11.3,74.8,19.1,10.4,363200,1.8
2013,"Bridgeport-Stamford-Norwalk, CT",50.7,11.4,25.6,9.3,76.8,17.2,9.6,420600,1.5
2013,"Buffalo-Cheektowaga-Niagara Falls, NY",45.2,9.6,37.2,15.9,70.7,20.8,14.9,123400,5.2
2013,"Cape Coral-Fort Myers, FL",50.5,13.8,41.5,12,77.9,15.3,16.5,154800,3.8
2013,"Charleston-North Charleston, SC",45.1,10.1,34,11.5,71.9,21.7,16.2,187700,7.2
2013,"Charlotte-Concord-Gastonia, NC-SC",48.4,13.1,34.3,12.7,72,21,14.8,164000,5.2
2013,"Chattanooga, TN-GA",51.5,14.5,49.2,16.4,73.9,19.1,16.1,142600,4.1
2013,"Chicago-Naperville-Elgin, IL-IN-WI",47.1,12.8,36.2,13.3,72.5,20.3,14.4,206300,6.4
2013,"Cincinnati, OH-KY-IN",49.1,10.4,40.8,12.8,72.5,20,14.5,152000,4.8
2013,"Colorado Springs, CO",53.5,6.7,19.1,10.1,77.7,16.3,10.8,211100,6.2
2013,"Columbia, SC",44.2,11.6,39.2,13.9,69.4,24,16.6,138900,4.7
2013,"Dallas-Fort Worth-Arlington, TX",50.4,15.6,31.7,11.9,72.5,19.8,15,152700,4.4
2013,"Dayton, OH",46.2,10.7,43.7,14.5,70.2,22.9,16.4,120600,5.5
2013,"Deltona-Daytona Beach-Ormond Beach, FL",47.9,10.3,53.8,14,75.1,17.7,16.2,131500,4.3
2013,"Denver-Aurora-Lakewood, CO",49.9,9.9,27.8,7.8,76.2,16.9,12.1,257000,3.7
2013,"Des Moines-West Des Moines, IA",53.7,6.8,23.9,12.6,76.5,15.8,11,159100,2.3
2013,"Detroit-Warren-Dearborn, MI",46.1,11.4,43.2,17.5,69.6,22.8,16.9,120500,9.6
2013,"El Paso, TX",46.8,25.4,34.9,24.9,66.4,27.1,22.6,110900,1.4
2013,"Fresno, CA",43.8,26.1,34,20.8,63.2,24.9,28.8,185200,6
2013,"Grand Rapids-Wyoming, MI",51.3,10.2,36.9,13.7,77.9,15.4,14,136400,2.4
2013,"Greensboro-High Point, NC",47.1,14.5,45.8,15,70.2,22.1,19.9,141700,4.7
2013,"Greenville-Anderson-Mauldin, SC",50.1,15.3,44.4,13.8,74.2,19.4,17.4,141000,5.4
2013,"Hartford-West Hartford-East Hartford, CT",46.5,10.1,32.7,13.5,72.4,20.7,10.8,241100,3.4
2013,"Houston-The Woodlands-Sugar Land, TX",50,18,34.7,12.7,71.8,20.8,16.4,144400,5.9
2013,"Indianapolis-Carmel-Anderson, IN",48.4,11.3,40,13.5,72.2,20.9,15.2,139600,7.6
2013,"Jackson, MS",43.8,13.8,47.8,17.4,63.4,29.5,22,121200,10
2013,"Jacksonville, FL",46.8,9.7,38.7,13.1,71.8,21.4,14.8,152200,7.1
2013,"Kansas City, MO-KS",50,8.8,34.9,10.5,73.4,19.8,12.6,157400,7.4
2013,"Knoxville, TN",51.6,12.7,34.9,16,77.7,16.6,17.5,148400,3.6
2013,"Lakeland-Winter Haven, FL",47.8,16.4,47.8,16.9,74,19.6,19.4,101800,3.2
2013,"Lancaster, PA",55.7,16.4,29.9,9.3,82.9,12.6,10.4,186500,1.7
2013,"Las Vegas-Henderson-Paradise, NV",45.3,15.5,32.2,12.5,69.7,21.1,16.1,162300,5.7
2013,"Little Rock-North Little Rock-Conway, AR",46.7,10.8,37.7,11,72.8,20.7,15.2,137300,7.7
2013,"Los Angeles-Long Beach-Anaheim, CA",44,21.4,36.6,8.3,68.6,21.7,17.6,453500,4.5
2013,"Louisville/Jefferson County, KY-IN",47.6,11.7,30.2,12.7,71.4,20.9,13.8,148700,4.9
2013,"Madison, WI",48.5,6.1,18,8.9,79.4,14.9,13.4,217100,1.8
2013,"McAllen-Edinburg-Mission, TX",51.7,38.5,21.9,33.2,69.9,25,34.3,79400,2.7
2013,"Memphis, TN-MS-AR",41.9,14.7,54.8,19.1,62.5,29.4,19.8,128600,10.3
2013,"Miami-Fort Lauderdale-West Palm Beach, FL",42.9,15.3,40.4,17.5,67,24.3,17.7,188800,6.6
2013,"Milwaukee-Waukesha-West Allis, WI",46.7,10,40.1,17.1,71.8,21.2,15.9,188100,7
2013,"Minneapolis-St. Paul-Bloomington, MN-WI",51,7,28.5,8.9,77.7,16.1,10.3,206100,2.5
2013,"Modesto, CA",46.3,22.8,43.4,16.6,66.8,23.2,22.1,175000,6.3
2013,"New Haven-Milford, CT",44.5,10.2,44.4,14.2,71.1,23,12.9,242000,3.3
2013,"New Orleans-Metairie, LA",41.5,15.2,47.6,16.2,63.5,28.3,19.3,173100,19
2013,"New York-Newark-Jersey City, NY-NJ-PA",45.4,14.7,30.8,14,69.1,23.1,14.6,392700,3.5
2013,"North Port-Sarasota-Bradenton, FL",50.9,10,33.7,10.4,80.1,15.4,14.4,167700,2.7
2013,"Ogden-Clearfield, UT",59.1,6.9,13.8,8.6,82.1,12.2,10.4,199600,1.3
2013,"Oklahoma City, OK",48.7,13.2,27.4,13.5,72.8,19.2,14.9,137100,5.9
2013,"Omaha-Council Bluffs, NE-IA",51,9.4,26.3,10.4,75.1,18.2,12.7,146500,5.3
2013,"Orlando-Kissimmee-Sanford, FL",44.8,12.3,39.7,15.7,72.2,20.9,17.1,151700,3.9
2013,"Oxnard-Thousand Oaks-Ventura, CA",50.3,16.6,37.2,6.6,76.2,16.4,11.9,443700,4
2013,"Palm Bay-Melbourne-Titusville, FL",48.2,9.5,40.1,13.7,74.2,19.9,15,135900,3.6
2013,"Philadelphia-Camden-Wilmington, PA-NJ-DE-MD",44.4,10.5,38.3,12.2,70.9,22.1,13.5,233600,7.1
2013,"Phoenix-Mesa-Scottsdale, AZ",47.2,13.5,37.9,12.3,72.5,19.3,17.6,177900,4.8
2013,"Pittsburgh, PA",48.3,7.5,30.8,12,75.6,18.3,12.8,130700,4.1
2013,"Portland-South Portland, ME",50.5,6.4,34.9,13.8,78.7,15.1,11.4,232300,1.2
2013,"Portland-Vancouver-Hillsboro, OR-WA",49.4,9.2,25.5,16.6,76.4,16.5,13.5,264000,1.4
2013,"Providence-Warwick, RI-MA",45.3,15.2,45.2,16.2,70.2,21.9,14.3,246100,2.5
2013,"Provo-Orem, UT",57.5,6.7,7.6,9.4,86.1,10.8,13.7,220700,1.1
2013,"Raleigh, NC",50,10,30.7,8.9,74.9,18.6,12,202900,2.7
2013,"Richmond, VA",44.5,12.2,37.8,12,69.5,24.3,13.9,204800,6.2
2013,"Riverside-San Bernardino-Ontario, CA",46.3,20.4,45.9,13.2,70.3,20.5,18.2,234000,5
2013,"Rochester, NY",45.8,9.7,42,13.8,71.7,21,14.7,135700,4.8
2013,"St. Louis, MO-IL",48.8,9.1,36.1,12.6,72,21,12.9,153000,7.2
2013,"Salt Lake City, UT",52.5,9.8,21.5,8.8,77.9,14.6,12.4,225100,1.8
2013,"San Antonio-New Braunfels, TX",47.1,15.8,38.2,14.6,70.1,22.5,16.3,134000,4.6
2013,"San Diego-Carlsbad, CA",47,14.5,22,6.7,73.9,18.6,15.2,411000,2.2
2013,"San Francisco-Oakland-Hayward, CA",47.5,11.9,23.6,6.3,74.9,17.7,11.5,602800,4.8
2013,"San Jose-Sunnyvale-Santa Clara, CA",53.2,13.5,21.7,5.4,77.6,14.8,10.5,672900,3
2013,"Seattle-Tacoma-Bellevue, WA",49.6,8.3,26.9,12.6,77,15.6,12.6,307900,2.2
2013,"Spokane-Spokane Valley, WA",48.1,8.5,27.1,18.5,75.9,17.5,16.8,177600,3.7
2013,"Springfield, MA",43.5,13.2,51.8,19.4,67.9,23.7,16.8,210900,4.5
2013,"Stockton-Lodi, CA",47.8,22.2,32.9,13.4,68.9,22,19.9,208900,6.6
2013,"Syracuse, NY",45.1,10.1,41.4,14.7,71.5,20.9,16,124300,4.2
2013,"Tampa-St. Petersburg-Clearwater, FL",46.2,11.7,44.5,14.6,72.4,20.3,15.4,135400,4.3
2013,"Toledo, OH",43.5,11.3,37.3,17.7,69.7,23.5,19.5,110900,4.9
2013,"Tucson, AZ",44.2,12.9,45.5,14.6,69.5,21.3,19.5,155300,7.1
2013,"Tulsa, OK",51,11.2,35.8,12.9,73.1,19.2,14.8,128100,6.7
2013,"Virginia Beach-Norfolk-Newport News, VA-NC",45.4,9.3,36.8,10.8,69.4,23.9,13,229700,6.9
2013,"Washington-Arlington-Alexandria, DC-VA-MD-WV",48.3,9.5,31,7.9,73.7,19.1,8.5,373500,3.7
2013,"Wichita, KS",51.2,10.3,39.3,12.8,75,17.9,14.9,121700,3.5
2013,"Winston-Salem, NC",48.1,15.3,43,14.4,72.4,20.6,20,144000,3.5
2013,"Worcester, MA-CT",47.9,10,27.9,13.4,73.2,19.2,13.3,241400,1.6
2014,"Akron, OH",46.2,8.9,49.3,14.2,71.6,21.3,13.3,134700,4.8
2014,"Albany-Schenectady-Troy, NY",45,7.5,43.6,11.8,74.2,19.3,11.7,196900,3.6
2014,"Albuquerque, NM",45.4,12.1,36.7,13.8,68.4,22.4,19.2,173700,4.8
2014,"Allentown-Bethlehem-Easton, PA-NJ",50.5,10.3,46,11.1,76.7,17.7,11.2,195900,2.2
2014,"Atlanta-Sandy Springs-Roswell, GA",46.7,11.7,37.7,13.4,70.1,22.7,15.5,170300,6.1
2014,"Augusta-Richmond County, GA-SC",45.3,14.2,36.4,17.1,69.2,24.6,18.9,132100,6.7
2014,"Austin-Round Rock, TX",46.8,11.1,27.7,9.3,75.3,17.5,15.1,217900,2.4
2014,"Bakersfield, CA",46.2,25.5,37.4,18.3,67.3,21.8,24.8,183100,6.7
2014,"Baltimore-Columbia-Towson, MD",45.5,9.7,35.3,12.4,70,22.8,11.1,279900,9.6
2014,"Baton Rouge, LA",45,13.4,39.5,14,68.4,22.9,17,157500,10.7
2014,"Birmingham-Hoover, AL",47.9,12.6,41.1,14.2,70,23.2,17.5,145500,7.8
2014,"Boise City, ID",53.7,8.7,21.2,11,78.1,13.8,13.9,173200,1.7
2014,"Bridgeport-Stamford-Norwalk, CT",49.9,10.2,24.9,9.4,75,18.4,8.9,408900,1.9
2014,"Buffalo-Cheektowaga-Niagara Falls, NY",43.7,9.3,42.6,16.4,69.1,23.3,14.8,125400,6.3
2014,"Cape Coral-Fort Myers, FL",48.7,13.7,44.1,11.7,75.1,18.6,16.3,163400,6.6
2014,"Charleston-North Charleston, SC",47.5,10.3,37.7,10.8,71.6,22.5,15.1,189700,8
2014,"Charlotte-Concord-Gastonia, NC-SC",48.7,11.9,36.5,12.2,72.3,20.7,15.2,169400,4.5
2014,"Chattanooga, TN-GA",48.2,13.9,36.7,15.8,72.3,21.2,15.9,145700,7.3
2014,"Chicago-Naperville-Elgin, IL-IN-WI",46.8,12.5,32.5,13.5,72,20.3,13.9,211800,6.3
2014,"Cincinnati, OH-KY-IN",48.5,9.6,34.6,12.5,73.4,19.2,14,152100,4.6
2014,"Colorado Springs, CO",52.9,7.1,22.8,10.4,76.6,16.6,12,225200,3.3
2014,"Columbia, SC",43.7,12.4,54,13.4,68.8,24.1,15.8,140800,6.5
2014,"Columbus, OH",47.3,9.5,35.4,13.7,72.5,20.6,14.5,160800,4.8
2014,"Dayton, OH",45.7,9.9,54.6,14,69.7,22.3,17.3,120200,4.2
2014,"Deltona-Daytona Beach-Ormond Beach, FL",47.1,10.9,49,13.7,75,17.4,16.4,141400,2
2014,"Denver-Aurora-Lakewood, CO",49.7,10.3,29.2,8.2,75.6,16.8,10.8,276800,2.8
2014,"Des Moines-West Des Moines, IA",53.1,7.2,34.4,13.7,78.3,15,12,164400,1.8
2014,"Detroit-Warren-Dearborn, MI",45.7,10.9,43.2,17.2,69.8,22.4,16.1,136400,8.7
2014,"Durham-Chapel Hill, NC",44.1,11.2,23.4,12,70.3,22.5,16.3,199200,4.8
2014,"El Paso, TX",46,24.4,44.1,22.9,65.9,26,23.4,114700,3.2
2014,"Fresno, CA",44,26.4,44.2,21,63.7,25,27.7,204700,6.1
2014,"Grand Rapids-Wyoming, MI",51.5,10,24.8,12.6,77.1,16.7,13.8,144300,2.1
2014,"Greensboro-High Point, NC",45.3,13.8,41.6,15.7,69.1,23.2,17.3,138600,4.4
2014,"Harrisburg-Carlisle, PA",49.9,10.1,29.8,10.4,75.7,17.3,11.1,171100,3.9
2014,"Hartford-West Hartford-East Hartford, CT",46.9,9.8,42,13.3,72,20.5,11.1,243100,3.8
2014,"Houston-The Woodlands-Sugar Land, TX",49.6,18,36.6,11.6,72,20.2,15.3,153200,5.8
2014,"Indianapolis-Carmel-Anderson, IN",48.4,11,37.5,13.3,72.2,20.6,14.8,141500,7.9
2014,"Jackson, MS",44.2,13.4,41.8,14.5,64.5,28.3,18.5,135400,12.8
2014,"Jacksonville, FL",47.3,10,42.5,15.1,71.1,22,15.4,159100,7.6
2014,"Kansas City, MO-KS",50.3,8.6,30.2,10,74.9,17.9,12.6,160400,6.6
2014,"Knoxville, TN",50.5,12.8,45.8,16.2,77.2,16.7,17.3,151900,3.3
2014,"Lakeland-Winter Haven, FL",48,15.1,35.8,15.2,72.9,19.8,18.1,105400,3
2014,"Lancaster, PA",53.9,15.1,18.7,9.6,80.2,14.5,10.4,188100,2.4
2014,"Las Vegas-Henderson-Paradise, NV",43.3,15.5,43.2,13.1,67.4,21.5,15.2,188700,6.6
2014,"Little Rock-North Little Rock-Conway, AR",47.3,9.6,30,11.1,71.5,21.4,14,137600,8.4
2014,"Los Angeles-Long Beach-Anaheim, CA",43.8,20.9,36.2,8.7,68.1,22.3,17.3,494900,4.4
2014,"Louisville/Jefferson County, KY-IN",47.1,11.8,37.5,13.6,71.1,21.4,14.5,151300,5.4
2014,"Madison, WI",48.7,5.4,19.7,11.3,77.6,14.3,12.7,221100,2.1
2014,"McAllen-Edinburg-Mission, TX",49.6,37.8,36.7,30.8,66.2,26.3,34,79400,3.1
2014,"Memphis, TN-MS-AR",42,13.4,49.2,19.7,62.5,29.7,20.3,132900,12.8
2014,"Miami-Fort Lauderdale-West Palm Beach, FL",42.6,15.1,40,17.8,66.8,24.5,17.2,210000,7.1
2014,"Milwaukee-Waukesha-West Allis, WI",46.1,9.6,32.2,16,70.4,21.8,15.4,190400,6.3
2014,"Minneapolis-St. Paul-Bloomington, MN-WI",50.7,6.8,26,9.1,77.9,15.6,10.3,216400,1.8
2014,"Modesto, CA",48.9,21.6,31.7,16.1,71.6,20.4,18,216000,6
2014,"New Haven-Milford, CT",45,10.5,25,15.8,73.1,19.8,13.1,242700,3.1
2014,"New Orleans-Metairie, LA",41.1,13.7,43.6,14.3,65.6,25.8,18.1,174200,16.8
2014,"New York-Newark-Jersey City, NY-NJ-PA",45.6,14.4,29.5,13.6,69.2,23.1,14.6,396700,3.1
2014,"North Port-Sarasota-Bradenton, FL",53.1,8.6,48,9.1,80.4,14.1,12,183300,3.8
2014,"Ogden-Clearfield, UT",59.2,6.7,15,8.3,83.1,12.3,9.5,206100,1.7
2014,"Oklahoma City, OK",48.9,11.5,39.4,12.6,73.2,19.2,15.3,139200,5.2
2014,"Omaha-Council Bluffs, NE-IA",50.7,9.4,24.7,9.5,75.1,17.3,11.3,147300,4.1
2014,"Orlando-Kissimmee-Sanford, FL",45.5,11.2,37.2,14.4,72.7,20,16.7,162700,6.8
2014,"Oxnard-Thousand Oaks-Ventura, CA",50.2,16.4,29,6.7,75.3,17,11.3,483100,2.4
2014,"Palm Bay-Melbourne-Titusville, FL",49.4,8.4,36.7,11.8,74.6,18.9,14.4,149400,3.4
2014,"Philadelphia-Camden-Wilmington, PA-NJ-DE-MD",44.8,10.5,43.2,12.8,70.8,22,13.4,234400,7
2014,"Pittsburgh, PA",48.3,7,32.9,12.5,75.3,18.1,12.4,134700,5.4
2014,"Portland-South Portland, ME",50.4,6.5,45.5,11.6,76.2,15.8,11,238700,1.3
2014,"Portland-Vancouver-Hillsboro, OR-WA",49.2,9,34.2,16.3,75.9,16.6,13.6,277100,2
2014,"Providence-Warwick, RI-MA",45.4,15.4,45.2,17.2,70.1,22.3,13.6,249700,1.9
2014,"Richmond, VA",47,11.6,38.6,10.4,71.2,22.1,12.8,213900,6.2
2014,"Riverside-San Bernardino-Ontario, CA",46.6,20.3,35.1,13.5,70.8,19.9,18.7,272200,4.6
2014,"Rochester, NY",44.9,10.2,39.6,14.1,71.9,21,14.1,133400,2.9
2014,"St. Louis, MO-IL",47.9,9,37.1,11.9,72.9,20.1,13,156100,8.8
2014,"Salt Lake City, UT",52.8,10.4,19.7,9.1,78.2,14.9,11.4,237900,2.2
2014,"San Antonio-New Braunfels, TX",46.1,16,36.1,13,69.2,23,16.7,143900,5.8
2014,"San Diego-Carlsbad, CA",47.4,13.4,24.5,6.9,73.8,18.1,14.7,457300,2.3
2014,"San Francisco-Oakland-Hayward, CA",47.7,11.9,23,5.7,75.5,17.1,10.9,657300,4.6
2014,"San Jose-Sunnyvale-Santa Clara, CA",52,12.8,19.5,5.2,77.9,15,8.7,735400,2.3
2014,"Santa Rosa, CA",48.4,12.4,24.9,6.5,74.7,16.1,11.3,469400,1.4
2014,"Seattle-Tacoma-Bellevue, WA",50.2,8.2,25,11.9,77.8,15.4,11.3,334700,2.7
2014,"Spokane-Spokane Valley, WA",50.2,7.6,34.5,19.8,75.8,17.6,16.9,181600,2.8
2014,"Springfield, MA",39.7,13.7,39.1,20.2,65.8,26.2,17.4,214300,2.5
2014,"Stockton-Lodi, CA",46.7,22.4,39.3,15.1,68,21.9,20.9,250800,9.4
2014,"Syracuse, NY",44.7,10.5,52.5,15.6,70.5,21.5,16.5,126900,3.5
2014,"Tampa-St. Petersburg-Clearwater, FL",45.7,11.8,41.5,14.1,72,20.2,15.8,149500,5.5
2014,"Toledo, OH",44,9.8,44.7,16.7,69.2,21.1,18.8,117200,4.6
2014,"Tulsa, OK",50.8,11.6,36.9,12.5,73.2,19.3,14.4,133100,6.1
2014,"Virginia Beach-Norfolk-Newport News, VA-NC",47,9.8,36.5,11.4,70.1,22.8,12.4,232300,6.4
2014,"Washington-Arlington-Alexandria, DC-VA-MD-WV",48,9.8,26.1,8,73.9,19.3,8.7,386900,3.7
2014,"Winston-Salem, NC",49.2,14.8,35.2,13.7,73.1,20.2,18.8,138400,3.4
2014,"Worcester, MA-CT",48.2,10,30.4,13.8,73.9,18.2,11.2,244400,0.9
2014,"Youngstown-Warren-Boardman, OH-PA",46.2,10.8,55.2,16.7,69.2,23.1,17.2,100000,4.3
2015,"Akron, OH",46.7,8.5,30,13.7,72.7,20,14.2,146300,5.1
2015,"Albuquerque, NM",44.7,12.8,33.6,16.2,70.6,19.8,18.7,181800,6.1
2015,"Atlanta-Sandy Springs-Roswell, GA",47.4,11.3,39.2,12.6,71.9,21.2,13.9,186300,6.2
2015,"Austin-Round Rock, TX",47,10.8,24.4,7.4,77.4,15.8,11.7,241100,2.2
2015,"Bakersfield, CA",46.6,26.6,44.6,16.4,68,22.5,21.9,197100,7.3
2015,"Baltimore-Columbia-Towson, MD",45.6,9.6,41.5,12.3,70.8,21.7,10.6,290300,13.1
2015,"Baton Rouge, LA",42.8,11.9,45.5,13.2,68.6,22.9,16.2,176400,11.1
2015,"Birmingham-Hoover, AL",47.4,12,40.1,13.3,70.7,23,15.7,156900,11.1
2015,"Boise City, ID",50.1,8.5,29.5,10.7,78.6,15.5,13.4,193100,1.8
2015,"Bridgeport-Stamford-Norwalk, CT",50.3,9.9,26.8,9.7,76.5,17.5,8.9,420900,2.5
2015,"Buffalo-Cheektowaga-Niagara Falls, NY",44,9.5,45.1,16.5,71.4,22.9,15.7,135200,4.4
2015,"Cape Coral-Fort Myers, FL",49.6,13,51.6,11.4,77.8,15.5,16.4,184200,4.4
2015,"Charleston-North Charleston, SC",44.1,9.1,39.8,11,71,21.3,14.2,210400,8.5
2015,"Chattanooga, TN-GA",49.3,15.2,32.2,14.3,73.2,19.2,15.3,150300,5.8
2015,"Chicago-Naperville-Elgin, IL-IN-WI",46.5,12.1,33.8,13.3,72.4,20.5,13.3,224300,7.1
2015,"Cincinnati, OH-KY-IN",48.7,9.5,31,11.1,73.7,19.9,13.2,159200,4.6
2015,"Colorado Springs, CO",54.4,5.5,31.5,10.9,78.9,14.8,10.6,234100,3.7
2015,"Columbia, SC",43.6,10.8,40.3,14.3,69.4,24.1,15.1,147500,6.9
2015,"Columbus, OH",47.1,9.1,33.7,13.5,72.4,19.9,14.2,166600,4.7
2015,"Dallas-Fort Worth-Arlington, TX",50.2,15.6,33,10.8,72.8,19.5,13.4,172500,4
2015,"Dayton, OH",47,9.5,47.3,15,70.9,21.6,16.2,124500,4.6
2015,"Deltona-Daytona Beach-Ormond Beach, FL",47.7,9.1,51.7,13.5,75.3,17.7,15.3,151000,3.9
2015,"Denver-Aurora-Lakewood, CO",49.9,9.5,23.6,6.9,76.6,15.8,10.3,314400,3.8
2015,"Des Moines-West Des Moines, IA",51.6,8.1,30.1,12.7,76.4,16.6,10.7,164700,3.4
2015,"Detroit-Warren-Dearborn, MI",46.1,10.7,38.4,16.4,70.3,21.8,16.1,151000,8.9
2015,"El Paso, TX",46.5,22.7,40.4,22,68.8,22.9,20.1,113900,2.7
2015,"Fresno, CA",42.5,25.6,47.1,21,63.6,25.4,25.3,220100,6.1
2015,"Grand Rapids-Wyoming, MI",50.9,9.8,30.5,11.3,76.6,16.6,12.9,151300,1.7
2015,"Greensboro-High Point, NC",47,14.1,38.9,14.6,72.4,20.9,16.1,144900,5.6
2015,"Hartford-West Hartford-East Hartford, CT",47.3,9.6,31.2,13.2,73.9,19.5,9.9,247000,4.4
2015,"Houston-The Woodlands-Sugar Land, TX",49.4,17.7,32.4,11,71.1,21.2,14.6,168300,6.9
2015,"Indianapolis-Carmel-Anderson, IN",46.6,11.1,38.1,11.4,72.6,20.1,13.9,148000,8.2
2015,"Jackson, MS",43.4,12.2,43.7,15.2,63.8,29.5,19.4,145300,11.6
2015,"Jacksonville, FL",46.8,9.9,30.3,14,71.6,22,14.3,172800,7.5
2015,"Kansas City, MO-KS",49.8,8.8,32.6,9.3,75,18.1,11.8,164700,8.4
2015,"Knoxville, TN",50.9,12.9,45.6,15.3,76.2,17.7,16.8,158300,3.4
2015,"Lakeland-Winter Haven, FL",47.7,16.4,45.2,16.2,72.7,20.8,17.2,123100,3.9
2015,"Lancaster, PA",53.7,15.5,15.2,9.2,79,15,10.9,197400,3
2015,"Las Vegas-Henderson-Paradise, NV",43.2,14.9,40.3,13.4,67.3,22.3,15.1,217300,6.9
2015,"Lexington-Fayette, KY",46.2,11.2,37.8,13.1,70,21.4,18.7,167800,4
2015,"Little Rock-North Little Rock-Conway, AR",48.8,10.7,39,11.9,71.8,22.1,17,149900,8.6
2015,"Los Angeles-Long Beach-Anaheim, CA",44.2,20.5,35.6,8.6,69.5,21,15.7,540600,4.9
2015,"Louisville/Jefferson County, KY-IN",46.6,10.4,37.9,12.5,71.4,20.7,13.4,154000,7.5
2015,"Madison, WI",47.9,5.4,23,9,78.6,15.1,10.8,228500,2.7
2015,"McAllen-Edinburg-Mission, TX",48.9,38.2,38.3,30.2,67.3,27,31.5,81700,3.8
2015,"Memphis, TN-MS-AR",41,13.5,47.3,18.7,62.2,30.1,18.4,139800,11.5
2015,"Miami-Fort Lauderdale-West Palm Beach, FL",42.4,15.2,43.7,18.2,66.9,24.3,16.5,241700,6.6
2015,"Milwaukee-Waukesha-West Allis, WI",46.2,9.5,39.8,15.7,72.4,20.1,14,198600,9.8
2015,"Minneapolis-St. Paul-Bloomington, MN-WI",51.3,6.8,24.8,8.7,78.3,14.9,9.3,231800,2.7
2015,"Modesto, CA",46.5,22.8,39.2,16.5,67.7,21,19.7,243500,7.3
2015,"New Orleans-Metairie, LA",40.6,13.8,47.2,13.6,64.6,26.8,18,188300,16.3
2015,"North Port-Sarasota-Bradenton, FL",51,9.4,47.9,8.3,78.5,16.4,11.8,208100,4.1
2015,"Ogden-Clearfield, UT",58.2,7,22.5,8.1,81,12.6,8.8,216200,2.3
2015,"Oklahoma City, OK",47.9,12,38.6,11.7,72.2,19.3,14.5,146100,6.8
2015,"Omaha-Council Bluffs, NE-IA",51.6,8.6,35.1,9.9,76.7,17.6,12.3,155200,5.5
2015,"Orlando-Kissimmee-Sanford, FL",45.5,10.2,40.8,15.5,69.6,22,15,176100,5.1
2015,"Oxnard-Thousand Oaks-Ventura, CA",50.1,17.1,33.4,8,75.7,17.3,9.6,528700,2.8
2015,"Palm Bay-Melbourne-Titusville, FL",46.7,8.2,56.6,10,73.9,19.2,13.2,158800,4.3
2015,"Philadelphia-Camden-Wilmington, PA-NJ-DE-MD",44.8,10.1,37.2,12.7,70.5,22.3,13.1,240900,7.4
2015,"Phoenix-Mesa-Scottsdale, AZ",46,13.5,35.1,11.4,72.3,19,16.2,219100,4.5
2015,"Pittsburgh, PA",48.6,7,36.2,13.1,75.6,18,12.3,143200,4.7
2015,"Portland-South Portland, ME",50.4,5.8,28.7,10.8,79.4,14,9.6,245800,0.8
2015,"Providence-Warwick, RI-MA",43.9,13.5,42.2,16.2,69.7,22.9,13.4,254500,2.2
2015,"Provo-Orem, UT",59.1,7.1,3.6,7.1,87.4,9.5,12.6,251600,0.3
2015,"Richmond, VA",45.5,10.7,36.4,10,71.6,21.1,11.8,219700,7.5
2015,"Riverside-San Bernardino-Ontario, CA",46.3,20.3,39.9,13.4,69.9,20.8,17.5,299300,4.4
2015,"Rochester, NY",45.7,10.3,30.7,14.4,72.1,20.7,13.8,138900,3.8
2015,"St. Louis, MO-IL",47.8,8.9,36.9,11.7,72.5,20.6,12.2,164200,10.5
2015,"Salt Lake City, UT",50.8,9.8,26.1,6.9,77.6,15.2,10.2,251200,2.6
2015,"San Antonio-New Braunfels, TX",46,15.9,37.2,12.5,70.2,21.7,14.6,151400,5.4
2015,"San Diego-Carlsbad, CA",46,13.4,29.5,7.9,74.2,17.6,13.8,485900,2.5
2015,"San Francisco-Oakland-Hayward, CA",48.1,11.8,22.6,5.9,75.9,16.7,10.6,718400,5.3
2015,"San Jose-Sunnyvale-Santa Clara, CA",53.1,12.9,17.3,5.3,78.8,14,8.1,823700,2.3
2015,"Santa Rosa, CA",46.9,13,21,7.6,72.9,18.4,11.1,512100,1.8
2015,"Seattle-Tacoma-Bellevue, WA",50.2,7.7,21.8,11.1,78.2,15.1,10.2,361500,3
2015,"Spokane-Spokane Valley, WA",49.2,7.2,36.3,18.1,75.4,17.5,16.3,192400,3.8
2015,"Springfield, MA",40,12.2,48.3,19.1,67.5,24.9,16.9,217200,3.5
2015,"Stockton-Lodi, CA",47.7,21.9,35.6,15.6,70.6,20.2,17.4,278400,8.9
2015,"Syracuse, NY",44.1,9.6,32.9,14.5,72.1,20.3,15,131500,4.1
2015,"Tampa-St. Petersburg-Clearwater, FL",45,10.7,38.8,14.8,71.3,21.1,14.7,165600,4
2015,"Toledo, OH",43.8,9.7,42.8,17.2,69.5,22.3,17.2,118700,4.4
2015,"Tucson, AZ",44.1,12.7,41.5,15.1,69.9,21.2,18.9,165900,4.5
2015,"Tulsa, OK",51.3,10.8,37.8,12.4,72.9,19.2,15.4,141800,8.1
2015,"Urban Honolulu, HI",49.8,9.4,29.7,10.2,75.7,16.8,9.2,629900,1.5
2015,"Virginia Beach-Norfolk-Newport News, VA-NC",46.4,9.3,33.7,10.6,70.8,21.9,12.3,236900,8
2015,"Washington-Arlington-Alexandria, DC-VA-MD-WV",48.3,9.8,28.5,7.8,74.9,18.3,8.3,401500,5.3
2015,"Wichita, KS",48.5,10.7,36.7,10,73.1,18.6,14.1,127800,4.7
2015,"Worcester, MA-CT",46.2,10.6,41.5,12.4,73.4,20,11.9,247600,1.6
2016,"Akron, OH",46.9,8.2,45.9,13.2,72.9,20.1,13.8,144200,6
2016,"Albany-Schenectady-Troy, NY",44.2,8.4,43,11.2,74.5,18.8,9.9,210600,2
2016,"Albuquerque, NM",44.3,11.6,44.8,15.5,69.9,22,16.9,183600,8.3
2016,"Allentown-Bethlehem-Easton, PA-NJ",49,10.2,46,12,74,18.2,11.6,207400,2.6
2016,"Atlanta-Sandy Springs-Roswell, GA",47.1,11.1,32.3,11.6,71,22,13.1,197700,6.8
2016,"Augusta-Richmond County, GA-SC",48.6,13.4,40.4,16,69.7,23,18.2,138300,7.4
2016,"Austin-Round Rock, TX",47,10.5,27.5,6.8,76.5,16.8,10.9,263300,3.4
2016,"Bakersfield, CA",46.3,26.2,39.5,18.6,69.5,22.2,22.7,204200,9.9
2016,"Baltimore-Columbia-Towson, MD",45.1,8.9,33.5,12.2,70.3,22.3,10.4,293900,14.1
2016,"Baton Rouge, LA",42.9,12.7,48,16.5,68.3,24.6,17.2,172000,9.5
2016,"Boise City, ID",53.2,8.6,24.8,9.7,79.9,13.9,12.7,207600,2.5
2016,"Boston-Cambridge-Newton, MA-NH",46.9,8.6,26.7,10.4,74.6,18.4,9.6,412700,1.9
2016,"Bridgeport-Stamford-Norwalk, CT",50.1,9.9,30.6,9.2,76.5,17.5,8.6,423200,1.5
2016,"Buffalo-Cheektowaga-Niagara Falls, NY",44,8.6,35.4,14.9,70.3,22.3,13.8,142200,4.9
2016,"Cape Coral-Fort Myers, FL",49.8,12.6,51.7,10.1,78.6,14.5,12.9,210900,5.7
2016,"Charleston-North Charleston, SC",45.5,11.2,26.8,11.2,73.9,20.8,13,213200,9.4
2016,"Chattanooga, TN-GA",48.1,13.5,33,12.7,78.5,15.6,14.3,160300,6
2016,"Chicago-Naperville-Elgin, IL-IN-WI",46.3,11.8,35.9,12.8,72.4,20.2,12.4,229900,10.2
2016,"Cincinnati, OH-KY-IN",49.2,9.6,39.2,10.8,73.4,19.5,12.6,165200,4.7
2016,"Cleveland-Elyria, OH",45.2,9.6,40.4,15.1,69.6,23,14.5,146100,9.2
2016,"Colorado Springs, CO",53.5,5.6,29.4,10,78.9,14.3,11.5,249400,4.5
2016,"Columbia, SC",43.7,10.5,37.1,14,67.8,23.7,15.1,146800,7.1
2016,"Columbus, OH",46.4,8.9,37.7,12.3,72.1,20,14.2,172200,5.2
2016,"Dallas-Fort Worth-Arlington, TX",50.4,15.2,32.5,9.8,73,19.4,12.7,189100,5.1
2016,"Dayton, OH",46.1,9.5,33.6,13,71.3,21.1,16.1,129700,7.9
2016,"Deltona-Daytona Beach-Ormond Beach, FL",46.8,10.1,35.8,13,75.3,17.5,13.5,171900,3
2016,"Denver-Aurora-Lakewood, CO",49.3,9.2,26.1,7,76.3,15.4,9.4,349200,4.3
2016,"Des Moines-West Des Moines, IA",50.7,8.1,30.4,11.8,76.6,16.4,9.5,175300,4
2016,"Detroit-Warren-Dearborn, MI",45.5,10.3,40.4,15.4,69.8,22.5,14.9,160700,9
2016,"El Paso, TX",44.2,23.1,33.3,21.6,65.2,27,22.8,119600,2.7
2016,"Fresno, CA",43.8,25.3,44,21.5,64.6,24.1,25.6,238100,6.4
2016,"Grand Rapids-Wyoming, MI",52.4,9.2,30.2,10.6,78.3,15.1,11.2,164500,2.1
2016,"Harrisburg-Carlisle, PA",49.3,9.6,35.4,9.9,76.4,17,9.4,183000,3.4
2016,"Hartford-West Hartford-East Hartford, CT",46.1,9.2,29.9,15,73.5,20.6,10.1,247400,2.3
2016,"Houston-The Woodlands-Sugar Land, TX",49.7,16.7,33.2,11.8,71.4,20.4,14.8,181400,7.2
2016,"Indianapolis-Carmel-Anderson, IN",47.6,10.2,40.1,10.2,73.3,19.5,13.3,153500,9.2
2016,"Jacksonville, FL",47.1,9.4,42.5,12.5,72.3,19.9,12.5,187600,8.5
2016,"Knoxville, TN",50.3,11.7,44,13.6,76.9,15.6,14.4,163900,4.3
2016,"Lakeland-Winter Haven, FL",47.1,15.7,51.3,15.1,73.4,19.3,16.4,135300,3.9
2016,"Lancaster, PA",53.7,15.2,22.8,8.9,80.6,13.3,11,196400,1.5
2016,"Las Vegas-Henderson-Paradise, NV",42.5,14.5,41.3,13.8,67.5,22.1,14.2,233700,9
2016,"Lexington-Fayette, KY",46.6,11.2,41.8,11.7,72.6,20.9,17.1,175600,4.9
2016,"Little Rock-North Little Rock-Conway, AR",47.5,8.8,37.2,10,71,22.4,15.9,151700,10
2016,"Los Angeles-Long Beach-Anaheim, CA",44.5,20.1,32.4,8.5,69.6,20.9,15,578200,5.1
2016,"Louisville/Jefferson County, KY-IN",46.7,10.5,37.8,10.1,72.1,19.9,12.7,162100,10.4
2016,"Madison, WI",49,4.4,29.6,8.6,80.5,13.7,10.6,240200,2
2016,"McAllen-Edinburg-Mission, TX",48.6,34.5,28.8,29.8,65.5,27.5,31.4,85200,2.6
2016,"Memphis, TN-MS-AR",42.1,12.4,54.2,16.2,64.2,28.4,19.4,142400,18.5
2016,"Miami-Fort Lauderdale-West Palm Beach, FL",42.8,15.2,40.4,17.8,67.2,24.2,15.4,260600,5.8
2016,"Milwaukee-Waukesha-West Allis, WI",45.2,8.7,39.1,14.9,71.3,21,13.9,204000,9.9
2016,"Minneapolis-St. Paul-Bloomington, MN-WI",51,6.5,25.6,7.8,78.8,14.4,8.8,240500,2.2
2016,"Modesto, CA",49.5,23.6,31.9,14.6,70.9,19.4,14.2,274300,6.3
2016,"New Haven-Milford, CT",43.2,10.3,39.2,15.5,70.1,22.8,11.2,247600,3.7
2016,"New Orleans-Metairie, LA",41,14.2,52.8,14.8,66.4,25.8,17,188100,18.9
2016,"New York-Newark-Jersey City, NY-NJ-PA",45.5,13.9,28.2,13.3,70.3,21.9,13.5,426300,3.3
2016,"North Port-Sarasota-Bradenton, FL",51.7,9,46,8.4,79.8,15.1,11.6,227500,4.1
2016,"Ogden-Clearfield, UT",58.5,6.7,9.5,7.5,82.3,11.8,8,228100,1.4
2016,"Oklahoma City, OK",47.9,11.6,31.9,11.9,74,18.1,14.7,154200,6.7
2016,"Omaha-Council Bluffs, NE-IA",50.3,8.7,30,9.2,75.3,17.8,10.3,164000,3.9
2016,"Orlando-Kissimmee-Sanford, FL",45.4,11.4,51.3,14.9,70.4,21.9,14.7,201600,8.1
2016,"Oxnard-Thousand Oaks-Ventura, CA",48.5,15.9,34.5,7,75.7,16.6,9.5,561400,3.6
2016,"Palm Bay-Melbourne-Titusville, FL",49.5,8.1,51.8,10.8,76.5,17.3,15,175600,3.5
2016,"Philadelphia-Camden-Wilmington, PA-NJ-DE-MD",44.7,9.8,39.9,12.6,70.7,21.7,12.9,245600,7.9
2016,"Phoenix-Mesa-Scottsdale, AZ",46.9,12.9,33.7,11,72.4,18.7,15,231000,5.5
2016,"Pittsburgh, PA",48.3,6.5,35.3,12.4,76.5,17.1,10.8,148600,5.1
2016,"Portland-South Portland, ME",49.7,5.7,21.4,10.1,79.3,13.8,9.1,251300,1.5
2016,"Portland-Vancouver-Hillsboro, OR-WA",49.9,8.2,25.8,13.8,78.3,15,10.9,345000,1.7
2016,"Providence-Warwick, RI-MA",44,12.4,48.2,15.8,70.5,22,12,265300,2.4
2016,"Provo-Orem, UT",57.2,5.5,14.9,7.1,86.4,9.3,11.6,277000,0.8
2016,"Riverside-San Bernardino-Ontario, CA",46.2,20,40.2,13.6,70.4,20.4,16.4,318900,5.1
2016,"Rochester, NY",44.9,9.9,46.4,14.2,71.7,21.7,13.9,138900,4.7
2016,"St. Louis, MO-IL",48.1,8.2,39.2,10.5,72.6,20.5,11.4,169200,11.1
2016,"Salt Lake City, UT",51.1,10,16.1,6.9,76.4,16,9.1,267800,3.9
2016,"San Antonio-New Braunfels, TX",46.1,16.2,37,12.1,70.8,22.3,15,160200,7.7
2016,"San Diego-Carlsbad, CA",47.3,13.6,25.3,7.5,74.7,18,12.3,527600,3
2016,"San Francisco-Oakland-Hayward, CA",48.8,11.3,22.4,5.5,76.5,16.2,9.2,796100,5.1
2016,"San Jose-Sunnyvale-Santa Clara, CA",53.5,13,14.4,5.5,79.1,14,9.4,911900,2.9
2016,"Santa Rosa, CA",46.6,12.1,32.8,6.8,75.2,15.6,9.2,565200,2
2016,"Seattle-Tacoma-Bellevue, WA",50.1,8,20.9,10.5,77.7,15.2,9.6,391500,2.7
2016,"Spokane-Spokane Valley, WA",49.1,6.3,23.1,15.9,76.1,16.7,13,200200,2.9
2016,"Springfield, MA",39.1,12.3,43.6,17.1,64.7,27,15.6,219800,2.9
2016,"Stockton-Lodi, CA",46.2,22.9,45.3,15.8,67.4,21.4,14.4,316000,8.5
2016,"Syracuse, NY",44.7,10,45.2,14.6,73.6,18.4,14.7,133300,5.3
2016,"Tampa-St. Petersburg-Clearwater, FL",45.9,11.1,39.7,13.6,72.2,19.9,14.2,175200,3.9
2016,"Toledo, OH",42.3,9.5,50.2,16.3,67.2,22.3,17.5,129200,7.1
2016,"Tucson, AZ",44.8,12,53.3,13.7,70.6,22.1,18.4,170300,4.8
2016,"Tulsa, OK",49.4,10.6,35.3,12.4,72.6,19.5,15.1,143400,9.2
2016,"Urban Honolulu, HI",49.8,8.4,28.4,9.8,76.2,16.3,8.5,658900,1.6
2016,"Virginia Beach-Norfolk-Newport News, VA-NC",45.4,8.9,30.8,9.7,70,23.2,11.4,239900,9.5
2016,"Washington-Arlington-Alexandria, DC-VA-MD-WV",48.6,9.4,24.9,7.3,74.9,18,8.4,411400,4.5
2016,"Wichita, KS",50.6,10.4,35.7,9.7,76.5,16.8,14,132400,6.5
2016,"Worcester, MA-CT",45.7,10.3,32.2,12.6,73.4,19.4,9.9,258600,1.4